year,month,day,water_level,hour,precipitation,sluice_status
2017,1,1,479.4,7,,close
2017,1,1,479.38,19,,close
2017,1,2,479.37,7,,open
2017,1,2,479.36,19,,open
2017,1,3,479.36,7,,open
2017,1,3,479.36,19,,open
2017,1,4,479.33,7,,open
2017,1,4,479.33,19,,open
2017,1,5,479.33,7,,open
2017,1,5,479.3,19,,open
2017,1,6,479.3,7,,open
2017,1,6,479.3,19,,open
2017,1,7,479.3,7,,open
2017,1,7,479.3,19,,open
2017,1,8,479.3,7,,open
2017,1,8,479.29,19,,open
2017,1,9,479.29,7,,open
2017,1,9,479.25,19,,open
2017,1,10,479.25,7,,open
2017,1,10,479.21,19,,open
2017,1,11,479.21,7,,open
2017,1,11,479.18,19,,open
2017,1,12,479.18,7,,open
2017,1,12,479.16,19,,open
2017,1,13,479.16,7,,open
2017,1,13,479.15,19,,open
2017,1,14,479.15,7,,open
2017,1,14,479.13,19,,open
2017,1,15,479.13,7,,open
2017,1,15,479.09,19,,open
2017,1,16,479.09,7,,open
2017,1,16,479.06,19,,open
2017,1,17,479.06,7,,open
2017,1,17,479.02,19,,open
2017,1,18,478.98,7,,open
2017,1,18,478.96,19,,open
2017,1,19,478.94,7,,open
2017,1,19,478.91,19,,open
2017,1,20,478.91,7,,close
2017,1,20,478.91,19,,close
2017,1,21,478.9,7,,open
2017,1,21,478.88,19,,open
2017,1,22,478.83,7,,open
2017,1,22,478.83,19,,open
2017,1,23,478.77,7,,open
2017,1,23,478.71,19,,open
2017,1,24,478.66,7,,open
2017,1,24,478.66,19,,open
2017,1,25,478.98,7,,open
2017,1,25,478.64,19,,open
2017,1,26,478.64,7,,open
2017,1,26,478.64,19,,open
2017,1,27,478.64,7,,open
2017,1,27,478.59,19,,open
2017,1,28,478.59,7,,open
2017,1,28,478.53,19,,open
2017,1,29,478.51,7,,open
2017,1,29,478.47,19,,open
2017,1,30,478.47,7,9,open
2017,1,30,478.44,19,,open
2017,1,31,478.46,7,15,close
2017,1,31,478.46,19,,close
2017,2,1,478.46,7,,close
2017,2,1,478.46,19,,close
2017,2,2,478.46,7,,close
2017,2,2,478.48,19,,close
2017,2,3,478.5,7,9,close
2017,2,3,478.5,19,,close
2017,2,4,478.5,7,5,close
2017,2,4,478.5,19,,close
2017,2,5,478.51,7,,open
2017,2,5,478.46,19,,open
2017,2,6,478.46,7,,open
2017,2,6,478.46,19,,open
2017,2,7,478.46,7,,open
2017,2,7,478.42,19,,open
2017,2,8,478.39,7,,open
2017,2,8,478.36,19,,open
2017,2,9,478.36,7,,close
2017,2,9,478.36,19,,close
2017,2,10,478.36,7,,close
2017,2,10,478.36,19,,close
2017,2,11,478.36,7,,open
2017,2,11,478.35,19,,open
2017,2,12,478.35,7,,close
2017,2,12,478.35,19,,close
2017,2,13,478.35,7,,close
2017,2,13,478.35,19,,close
2017,2,14,478.35,7,,open
2017,2,14,478.31,19,,open
2017,2,15,478.31,7,,open
2017,2,15,478.25,19,,open
2017,2,16,478.23,7,,open
2017,2,16,478.18,19,,open
2017,2,17,478.13,7,,open
2017,2,17,478.08,19,,open
2017,2,18,478.03,7,,open
2017,2,18,477.98,19,,open
2017,2,19,477.98,7,,open
2017,2,19,477.93,19,,open
2017,2,20,477.93,7,,open
2017,2,20,477.9,19,,open
2017,2,21,477.87,7,,open
2017,2,21,477.81,19,,open
2017,2,22,477.81,7,,open
2017,2,22,477.76,19,,open
2017,2,23,477.71,7,,open
2017,2,23,477.67,19,,open
2017,2,24,477.67,7,,open
2017,2,24,477.65,19,,open
2017,2,25,477.65,7,,open
2017,2,25,477.63,19,,open
2017,2,26,477.63,7,,open
2017,2,26,477.6,19,,open
2017,2,27,477.56,7,,open
2017,2,27,477.5,19,,open
2017,2,28,477.5,7,,open
2017,2,28,477.45,19,,open
2017,3,1,477.45,7,,open
2017,3,1,477.39,19,,open
2017,3,2,477.39,7,,open
2017,3,2,477.34,19,,open
2017,3,3,477.32,7,,open
2017,3,3,477.3,19,,open
2017,3,4,477.32,7,12,open
2017,3,4,477.32,19,,open
2017,3,5,477.32,7,,open
2017,3,5,477.27,19,,open
2017,3,6,477.27,7,,open
2017,3,6,477.22,19,,open
2017,3,7,477.17,7,,open
2017,3,7,477.12,19,,open
2017,3,8,477.12,7,,open
2017,3,8,477.07,19,,open
2017,3,9,477.07,7,,open
2017,3,9,477.02,19,,open
2017,3,10,477.02,7,,open
2017,3,10,476.98,19,9,open
2017,3,11,476.95,7,,open
2017,3,11,476.91,19,,open
2017,3,12,476.87,7,,open
2017,3,12,476.83,19,,open
2017,3,13,476.79,7,,open
2017,3,13,476.74,19,,open
2017,3,14,476.74,7,,open
2017,3,14,476.68,19,,open
2017,3,15,476.64,7,,open
2017,3,15,476.56,19,,open
2017,3,16,476.52,7,,open
2017,3,16,476.47,19,,open
2017,3,17,476.42,7,,open
2017,3,17,476.4,19,,open
2017,3,18,476.35,7,,open
2017,3,18,476.3,19,,open
2017,3,19,476.26,7,,open
2017,3,19,476.26,19,,open
2017,3,20,476.22,7,,open
2017,3,20,476.22,19,,open
2017,3,21,476.15,7,,open
2017,3,21,476.12,19,,open
2017,3,22,476.05,7,,open
2017,3,22,475.98,19,,open
2017,3,23,475.92,7,,open
2017,3,23,475.92,19,,open
2017,3,24,475.92,7,,open
2017,3,24,475.88,19,,open
2017,3,25,475.88,7,,open
2017,3,25,475.84,19,,open
2017,3,26,475.84,7,,open
2017,3,26,475.8,19,,open
2017,3,27,475.8,7,,open
2017,3,27,475.75,19,,open
2017,3,28,475.71,7,,open
2017,3,28,475.66,19,,open
2017,3,29,475.61,7,,open
2017,3,29,475.56,19,,open
2017,3,30,475.56,7,,open
2017,3,30,475.45,19,,open
2017,3,31,475.4,7,2,open
2017,3,31,475.33,19,,open
2017,4,1,475.26,7,,open
2017,4,1,475.26,19,,close
2017,4,2,475.26,7,20,close
2017,4,2,475.26,19,,open
2017,4,3,475.26,7,,open
2017,4,3,475.21,19,,open
2017,4,4,475.21,7,,open
2017,4,4,475.16,19,,open
2017,4,5,475.16,7,,open
2017,4,5,475.12,19,,open
2017,4,6,475.12,7,,open
2017,4,6,475.06,19,,open
2017,4,7,475.06,7,,open
2017,4,7,475,19,,open
2017,4,8,474.95,7,,open
2017,4,8,474.88,19,,open
2017,4,9,474.88,7,,open
2017,4,9,474.8,19,,open
2017,4,10,474.76,7,,open
2017,4,10,474.68,19,,open
2017,4,11,474.66,7,,open
2017,4,11,474.55,19,,open
2017,4,12,474.46,7,,open
2017,4,12,474.4,19,,open
2017,4,13,474.4,7,,open
2017,4,13,474.34,19,,open
2017,4,14,474.34,7,,open
2017,4,14,474.29,19,,open
2017,4,15,474.25,7,4.5,open
2017,4,15,474.18,19,,open
2017,4,16,474.18,7,8,open
2017,4,16,474.12,19,,open
2017,4,17,474.12,7,13,close
2017,4,17,474.16,19,20,close
2017,4,18,474.17,7,,close
2017,4,18,474.17,19,,close
2017,4,19,474.17,7,,close
2017,4,19,474.17,19,,close
2017,4,20,474.17,7,,open
2017,4,20,474.15,19,,open
2017,4,21,474.15,7,,open
2017,4,21,474.12,19,,open
2017,4,22,474.12,7,,open
2017,4,22,474,19,,open
2017,4,23,473.88,7,,open
2017,4,23,473.75,19,,open
2017,4,24,473.75,7,,open
2017,4,24,473.67,19,,open
2017,4,25,473.56,7,,open
2017,4,25,473.49,19,,open
2017,4,26,473.6,7,41,close
2017,4,26,473.85,19,17.5,close
2017,4,27,473.9,7,,close
2017,4,27,473.86,19,,close
2017,4,28,473.82,7,,close
2017,4,28,473.78,19,1,close
2017,4,29,473.95,7,36,open
2017,4,29,473.03,19,,open
2017,4,30,473.06,7,7.5,open
2017,4,30,473.1,19,30,open
2017,5,1,474.3,7,,open
2017,5,1,474.2,19,5,open
2017,5,2,474.15,7,12,open
2017,5,2,474.13,19,,open
2017,5,3,474.07,7,,open
2017,5,3,473.9,19,,open
2017,5,4,473.8,7,14,open
2017,5,4,473.7,19,,open
2017,5,5,473.54,7,3,open
2017,5,5,473.35,19,,open
2017,5,6,473.09,7,,open
2017,5,6,473.08,19,22,open
2017,5,7,472.93,7,5,open
2017,5,7,472.69,19,,open
2017,5,8,472.44,7,,open
2017,5,8,472.4,19,,open
2017,5,9,472.4,7,,close
2017,5,9,472.4,19,,close
2017,5,10,472.45,7,13,close
2017,5,10,472.4,19,,close
2017,5,11,472.4,7,2,close
2017,5,11,472.4,19,,close
2017,5,12,472.42,7,9,open
2017,5,12,472.45,19,,open
2017,5,13,472.5,7,13,open
2017,5,13,472.55,19,,open
2017,5,14,472.6,7,,open
2017,5,14,472.65,19,,open
2017,5,15,472.7,7,,open
2017,5,15,472.75,19,,open
2017,5,16,472.8,7,,close
2017,5,16,472.88,19,,close
2017,5,17,472.95,7,,close
2017,5,17,472.96,19,,close
2017,5,18,472.96,7,,close
2017,5,18,472.97,19,,close
2017,5,19,472.97,7,,close
2017,5,19,472.98,19,,close
2017,5,20,472.98,7,,close
2017,5,20,472.99,19,,close
2017,5,21,472.99,7,,close
2017,5,21,473,19,,close
2017,5,22,473,7,,close
2017,5,22,473,19,,close
2017,5,23,473.01,7,,close
2017,5,23,473.02,19,3,close
2017,5,24,473.04,7,,close
2017,5,24,473.06,19,2,close
2017,5,25,473.07,7,,close
2017,5,25,473.12,19,7,close
2017,5,26,473.15,7,,close
2017,5,26,473.18,19,,close
2017,5,27,473.2,7,,close
2017,5,27,473.22,19,,close
2017,5,28,473.23,7,,close
2017,5,28,473.24,19,,close
2017,5,29,473.25,7,,close
2017,5,29,473.26,19,,close
2017,5,30,473.3,7,,close
2017,5,30,473.35,19,,close
2017,5,31,473.36,7,,close
2017,5,31,473.37,19,,close
2017,6,1,473.39,7,,open
2017,6,1,473.34,19,,open
2017,6,2,473.32,7,,open
2017,6,2,473.17,19,,open
2017,6,3,473.1,7,,open
2017,6,3,472.9,19,,open
2017,6,4,472.7,7,,open
2017,6,4,472.5,19,,open
2017,6,5,472.3,7,,open
2017,6,5,472.05,19,,open
2017,6,6,471.82,7,7,open
2017,6,6,471.6,19,,open
2017,6,7,471.38,7,4,open
2017,6,7,471.08,19,,open
2017,6,8,470.9,7,8,open
2017,6,8,470.7,19,,open
2017,6,9,470.45,7,,open
2017,6,9,470.2,19,,open
2017,6,10,469.92,7,,open
2017,6,10,469.6,19,6,open
2017,6,11,469.65,7,,open
2017,6,11,469.7,19,,open
2017,6,12,469.72,7,,close
2017,6,12,469.54,19,,close
2017,6,13,469.54,7,,close
2017,6,13,469.54,19,,close
2017,6,14,469.53,7,,open
2017,6,14,469.53,19,,close
2017,6,15,469.53,7,,open
2017,6,15,469.5,19,,open
2017,6,16,469.5,7,,close
2017,6,16,469.5,19,,close
2017,6,17,469.5,7,,close
2017,6,17,469.5,19,,close
2017,6,18,469.5,7,,close
2017,6,18,469.05,19,,close
2017,6,19,469.05,7,,open
2017,6,19,468.7,19,,open
2017,6,20,468.7,7,,close
2017,6,24,469.4,7,40,close
2017,6,24,472,19,79,close
2017,6,25,472.23,7,5,close
2017,6,25,472.38,19,,close
2017,6,26,472.46,7,,close
2017,6,26,472.44,19,,open
2017,6,27,472.5,7,,close
2017,6,27,472.65,19,2,close
2017,6,28,472.75,7,8,open
2017,6,28,472.9,19,3,close
2017,6,29,472.84,7,1,close
2017,6,29,472.92,19,,close
2017,6,30,472.96,7,,open
2017,6,30,472.94,19,,open
2017,7,1,472.95,7,,close
2017,7,1,472.97,19,,close
2017,7,2,473.03,7,9,close
2017,7,2,473.32,19,10,open
2017,7,3,473.47,7,1,open
2017,7,3,473.68,19,9,open
2017,7,4,473.8,7,3,open
2017,7,4,473.88,19,,open
2017,7,5,473.97,7,,close
2017,7,5,474,19,,close
2017,7,6,474.05,7,,close
2017,7,6,474.12,19,,close
2017,7,7,474.16,7,,close
2017,7,7,474.23,19,8,open
2017,7,8,474.36,7,7,close
2017,7,8,474.45,19,1,open
2017,7,9,474.5,7,,open
2017,7,9,474.53,19,9,open
2017,7,10,474.56,7,1,open
2017,7,10,474.7,19,20,open
2017,7,11,475.02,7,29,open
2017,7,11,475.38,19,3,open
2017,7,12,475.52,7,,open
2017,7,12,475.64,19,4,open
2017,7,13,475.74,7,,open
2017,7,13,475.79,19,,open
2017,7,14,476.24,7,61,open
2017,7,14,476.67,19,,open
2017,7,15,476.85,7,20,open
2017,7,15,477.2,19,29,open
2017,7,16,477.75,7,34,open
2017,7,16,478.22,19,16,open
2017,7,17,478.5,7,3,open
2017,7,17,478.7,19,,open
2017,7,18,478.78,7,,open
2017,7,18,478.85,19,,open
2017,7,19,478.96,7,14,open
2017,7,19,479,19,5,open
2017,7,20,479.2,7,17,open
2017,7,20,479.29,19,6,open
2017,7,21,479.3,7,,open
2017,7,21,479.35,19,5,open
2017,7,22,479.35,7,7,open
2017,7,22,479.32,19,,open
2017,7,23,479.29,7,,open
2017,7,23,479.25,19,,open
2017,7,24,479.22,7,,open
2017,7,24,479.2,19,,open
2017,7,25,479.14,7,,open
2017,7,25,479.1,19,,open
2017,7,26,479.05,7,3,open
2017,7,26,478.98,19,,open
2017,7,27,478.95,7,,open
2017,7,27,478.87,19,,open
2017,7,28,478.87,7,21,open
2017,7,28,479.34,19,26,open
2017,7,29,479.54,7,25,open
2017,7,29,479.66,19,13,open
2017,7,30,479.59,7,3,open
2017,7,30,479.5,19,,open
2017,7,31,479.53,7,23,open
2017,7,31,479.5,19,,open
2017,8,1,479.45,7,,open
2017,8,1,479.4,19,,open
2017,8,2,479.35,7,,open
2017,8,2,479.32,19,,open
2017,8,3,479.19,7,,open
2017,8,3,479.32,19,40,open
2017,8,4,479.55,7,39,open
2017,8,4,479.6,19,1,open
2017,8,5,479.92,7,64,open
2017,8,5,479.72,19,,open
2017,8,6,479.57,7,,open
2017,8,6,479.48,19,,open
2017,8,7,479.4,7,1,open
2017,8,7,479.36,19,1,open
2017,8,8,479.35,7,1,open
2017,8,8,479.32,19,2,open
2017,8,9,479.3,7,4,open
2017,8,9,479.26,19,,open
2017,8,10,479.24,7,1,open
2017,8,10,479.25,19,13,open
2017,8,11,479.24,7,,open
2017,8,11,479.21,19,2,open
2017,8,12,479.2,7,1,open
2017,8,12,479.16,19,,open
2017,8,13,479.12,7,,open
2017,8,13,479.12,19,,open
2017,8,14,479.12,7,,close
2017,8,14,479.11,19,,close
2017,8,15,479.11,7,,close
2017,8,15,479.11,19,,close
2017,8,16,479.12,7,,open
2017,8,16,479.12,19,1,open
2017,8,17,479.12,7,17,open
2017,8,17,479.12,19,,open
2017,8,18,479.18,7,15,open
2017,8,18,479.25,19,2,open
2017,8,19,479.3,7,2,open
2017,8,19,479.33,19,,open
2017,8,20,479.4,7,,open
2017,8,20,479.41,19,1,open
2017,8,21,479.45,7,,open
2017,8,21,479.46,19,,open
2017,8,22,479.47,7,,open
2017,8,22,479.54,19,3,open
2017,8,23,479.46,7,,open
2017,8,23,479.47,19,,open
2017,8,24,479.47,7,1,open
2017,8,24,479.54,19,16,open
2017,8,25,479.6,7,23,open
2017,8,25,479.8,19,8,open
2017,8,26,479.91,7,,open
2017,8,26,479.98,19,,open
2017,8,27,480.03,7,,open
2017,8,27,480.07,19,,open
2017,8,28,480.12,7,5,open
2017,8,28,480.15,19,,open
2017,8,29,480.17,7,,open
2017,8,29,480.2,19,,open
2017,8,30,480.21,7,,open
2017,8,30,480.38,19,61,open
2017,8,31,480.3,7,,open
2017,8,31,480.28,19,5,open
2017,9,1,480.33,7,19,open
2017,9,1,480.3,19,7,open
2017,9,2,480.28,7,2,open
2017,9,2,480.28,19,,open
2017,9,3,480.26,7,,open
2017,9,3,480.25,19,,open
2017,9,4,480.27,7,14,open
2017,9,4,480.27,19,3,open
2017,9,5,480.27,7,8,open
2017,9,5,480.28,19,7,open
2017,9,6,480.27,7,,open
2017,9,6,480.26,19,1,open
2017,9,7,480.26,7,,open
2017,9,7,480.25,19,,open
2017,9,8,480.25,7,,open
2017,9,8,480.25,19,,open
2017,9,9,480.24,7,,open
2017,9,9,480.23,19,,open
2017,9,10,480.22,7,,open
2017,9,10,480.22,19,,open
2017,9,11,480.22,7,,open
2017,9,11,480.22,19,,open
2017,9,12,480.23,7,,open
2017,9,12,480.23,19,,open
2017,9,13,480.23,7,,open
2017,9,13,480.23,19,3,open
2017,9,14,480.22,7,,open
2017,9,14,480.22,19,,open
2017,9,15,480.2,7,,open
2017,9,15,480.2,19,,open
2017,9,16,480.19,7,,open
2017,9,16,480.18,19,,open
2017,9,17,480.18,7,,open
2017,9,17,480.19,19,,open
2017,9,18,480.19,7,,open
2017,9,18,480.2,19,,open
2017,9,19,480.2,7,,open
2017,9,19,480.21,19,,open
2017,9,20,480.21,7,,open
2017,9,20,480.21,19,,open
2017,9,21,480.22,7,,open
2017,9,21,480.22,19,,open
2017,9,22,480.22,7,,open
2017,9,22,480.22,19,,open
2017,9,23,480.22,7,,open
2017,9,23,480.22,19,,open
2017,9,24,480.23,7,4,open
2017,9,24,480.23,19,2,open
2017,9,25,480.31,7,5,open
2017,9,25,480.31,19,,open
2017,9,26,480.32,7,2,open
2017,9,26,480.32,19,,open
2017,9,27,480.33,7,,open
2017,9,27,480.33,19,,open
2017,9,28,480.34,7,,open
2017,9,28,480.34,19,,open
2017,9,29,480.35,7,,open
2017,9,29,480.35,19,,open
2017,9,30,480.35,7,,open
2017,9,30,480.35,19,,open
2017,10,1,480.29,7,,close
2017,10,1,480.24,19,,close
2017,10,2,480.24,7,,close
2017,10,2,480.24,19,,close
2017,10,3,480.24,7,,close
2017,10,3,480.24,19,,close
2017,10,4,480.25,7,,close
2017,10,4,480.25,19,,close
2017,10,5,480.25,7,,close
2017,10,5,480.25,19,,close
2017,10,6,480.25,7,,close
2017,10,6,480.25,19,,close
2017,10,7,480.26,7,,close
2017,10,7,480.26,19,,close
2017,10,8,480.26,7,,close
2017,10,8,480.26,19,,close
2017,10,9,480.26,7,,close
2017,10,9,480.26,19,,close
2017,10,10,480.26,7,,close
2017,10,10,480.26,19,,close
2017,10,11,480.26,7,,close
2017,10,11,480.26,19,,close
2017,10,12,480.26,7,,close
2017,10,12,480.26,19,,close
2017,10,13,480.26,7,,close
2017,10,13,480.26,19,,close
2017,10,14,480.26,7,,close
2017,10,14,480.26,19,,close
2017,10,15,480.26,7,,close
2017,10,15,480.26,19,,close
2017,10,16,480.26,7,,close
2017,10,16,480.26,19,,close
2017,10,17,480.26,7,,close
2017,10,17,480.26,19,,close
2017,10,18,480.26,7,,close
2017,10,18,480.26,19,,close
2017,10,19,480.26,7,,close
2017,10,19,480.26,19,,close
2017,10,20,480.26,7,,close
2017,10,20,480.26,19,,close
2017,10,21,480.26,7,,close
2017,10,21,480.26,19,,close
2017,10,22,480.26,7,,close
2017,10,22,480.26,19,,close
2017,10,23,480.26,7,,close
2017,10,23,480.26,19,,close
2017,10,24,480.28,7,22,close
2017,10,24,480.3,19,5,close
2017,10,25,480.3,7,,close
2017,10,25,480.3,19,,close
2017,10,26,480.3,7,,close
2017,10,26,480.3,19,,close
2017,10,27,480.3,7,,close
2017,10,27,480.3,19,,close
2017,10,28,480.3,7,,close
2017,10,28,480.3,19,,close
2017,10,29,480.3,7,,close
2017,10,29,480.3,19,1,close
2017,10,30,480.3,7,,close
2017,10,30,480.3,19,,close
2017,10,31,480.3,7,,close
2017,10,31,480.3,19,,close
2017,11,1,480.3,7,,close
2017,11,1,480.3,19,,close
2017,11,2,480.3,7,,close
2017,11,2,480.3,19,,close
2017,11,3,480.3,7,,close
2017,11,3,480.3,19,,close
2017,11,4,480.3,7,,close
2017,11,4,480.3,19,,close
2017,11,5,480.3,7,,close
2017,11,5,480.3,19,,close
2017,11,6,480.3,7,,close
2017,11,6,480.3,19,,close
2017,11,7,480.3,7,,close
2017,11,7,480.3,19,,close
2017,11,8,480.3,7,,close
2017,11,8,480.3,19,,close
2017,11,9,480.3,7,,close
2017,11,9,480.3,19,,close
2017,11,10,480.3,7,,close
2017,11,10,480.3,19,,close
2017,11,11,480.3,7,,close
2017,11,11,480.3,19,,close
2017,11,12,480.3,7,,close
2017,11,12,480.3,19,,close
2017,11,13,480.3,7,,close
2017,11,13,480.3,19,,close
2017,11,14,480.3,7,,close
2017,11,14,480.3,19,,close
2017,11,15,480.3,7,,close
2017,11,15,480.3,19,,close
2017,11,16,480.3,7,,close
2017,11,16,480.3,19,,close
2017,11,17,480.3,7,,close
2017,11,17,480.3,19,,close
2017,11,18,480.3,7,,close
2017,11,18,480.29,19,,close
2017,11,19,480.29,7,,close
2017,11,19,480.29,19,,close
2017,11,20,480.28,7,,close
2017,11,20,480.28,19,,close
2017,11,21,480.28,7,,close
2017,11,21,480.28,19,,close
2017,11,22,480.28,7,,close
2017,11,22,480.28,19,,close
2017,11,23,480.28,7,,close
2017,11,23,480.27,19,,close
2017,11,24,480.27,7,,close
2017,11,24,480.27,19,,close
2017,11,25,480.27,7,,close
2017,11,25,480.27,19,,close
2017,11,26,480.27,7,,close
2017,11,26,480.27,19,,close
2017,11,27,480.26,7,,close
2017,11,27,480.26,19,,close
2017,11,28,480.26,7,,close
2017,11,28,480.26,19,,close
2017,11,29,480.26,7,,close
2017,11,29,480.26,19,,close
2017,11,30,480.26,7,,close
2017,11,30,480.26,19,,close
2017,12,1,480.25,7,,close
2017,12,1,480.25,19,,close
2017,12,2,480.25,7,,close
2017,12,2,480.28,19,,close
2017,12,3,480.24,7,,close
2017,12,3,480.24,19,,close
2017,12,4,480.24,7,,close
2017,12,4,480.24,19,,close
2017,12,5,480.24,7,,close
2017,12,5,480.24,19,,close
2017,12,6,480.24,7,,close
2017,12,6,480.24,19,,close
2017,12,7,480.23,7,,close
2017,12,7,480.23,19,,close
2017,12,8,480.23,7,,close
2017,12,8,480.23,19,,close
2017,12,9,480.23,7,,close
2017,12,9,480.23,19,,close
2017,12,10,480.23,7,,close
2017,12,10,480.22,19,,close
2017,12,11,480.22,7,,close
2017,12,11,480.22,19,,close
2017,12,12,480.21,7,,close
2017,12,12,480.21,19,,close
2017,12,13,480.21,7,,close
2017,12,13,480.21,19,4,close
2017,12,14,480.26,7,55,close
2017,12,14,480.3,19,6,close
2017,12,15,480.38,7,50,close
2017,12,15,480.45,19,67,close
2017,12,16,480.45,7,18,close
2017,12,16,480.32,19,,close
2017,12,17,480.22,7,,close
2017,12,17,480.22,19,,close
2017,12,18,480.22,7,,close
2017,12,18,480.23,19,,close
2017,12,19,480.24,7,,close
2017,12,19,480.25,19,,close
2017,12,20,480.26,7,,close
2017,12,20,480.27,19,,close
2017,12,21,480.28,7,,close
2017,12,21,480.28,19,,close
2017,12,22,480.29,7,,close
2017,12,22,480.29,19,,close
2017,12,23,480.29,7,,close
2017,12,23,480.3,19,,close
2017,12,24,480.3,7,,close
2017,12,24,480.3,19,,close
2017,12,25,480.31,7,,close
2017,12,25,480.31,19,,close
2017,12,26,480.32,7,,close
2017,12,26,480.32,19,,close
2017,12,27,480.33,7,,close
2017,12,27,480.33,19,,close
2017,12,28,480.34,7,,close
2017,12,28,480.34,19,,close
2017,12,29,480.35,7,,close
2017,12,29,480.35,19,,close
2017,12,30,480.35,7,,close
2017,12,30,480.35,19,,close
2017,12,31,480.35,7,,close
2017,12,31,480.35,19,,close
2018,1,1,480.35,7,,close
2018,1,1,480.35,19,,close
2018,1,2,480.36,7,,close
2018,1,2,480.35,19,,close
2018,1,3,480.34,7,,open
2018,1,3,480.28,19,,open
2018,1,4,480.25,7,,open
2018,1,4,480.2,19,,open
2018,1,5,480.17,7,,open
2018,1,5,480.13,19,,open
2018,1,6,480.1,7,,open
2018,1,6,480.06,19,,open
2018,1,7,480.03,7,,open
2018,1,7,480,19,,open
2018,1,8,479.98,7,,open
2018,1,8,479.96,19,,open
2018,1,9,479.94,7,,open
2018,1,9,479.87,19,,open
2018,1,10,479.85,7,,open
2018,1,10,479.8,19,,open
2018,1,11,479.77,7,,open
2018,1,11,479.76,19,,open
2018,1,12,479.75,7,,open
2018,1,12,479.72,19,,open
2018,1,13,479.7,7,,open
2018,1,13,479.7,19,3.5,open
2018,1,14,479.7,7,,close
2018,1,14,479.69,19,,close
2018,1,15,479.69,7,,close
2018,1,15,479.67,19,,close
2018,1,16,479.66,7,,open
2018,1,16,479.65,19,,open
2018,1,17,479.65,7,,open
2018,1,17,479.65,19,,open
2018,1,18,479.65,7,,open
2018,1,18,479.65,19,,open
2018,1,19,479.64,7,,open
2018,1,19,479.64,19,,open
2018,1,20,479.63,7,,open
2018,1,20,479.62,19,,open
2018,1,21,479.62,7,,open
2018,1,21,479.62,19,,open
2018,1,22,479.62,7,,open
2018,1,22,479.58,19,,open
2018,1,23,479.56,7,,open
2018,1,23,479.52,19,,open
2018,1,24,479.52,7,,open
2018,1,24,479.49,19,,open
2018,1,25,479.49,7,,open
2018,1,25,479.48,19,,open
2018,1,26,479.48,7,,open
2018,1,26,479.45,19,,open
2018,1,27,479.44,7,,open
2018,1,27,479.41,19,,open
2018,1,28,479.38,7,,open
2018,1,28,479.36,19,,open
2018,1,29,479.36,7,,open
2018,1,29,479.34,19,,open
2018,1,30,479.33,7,,open
2018,1,30,479.31,19,,open
2018,1,31,479.3,7,,open
2018,1,31,479.3,19,,open
2018,2,1,479.3,7,,close
2018,2,1,479.3,19,,close
2018,2,2,479.3,7,,close
2018,2,2,479.3,19,,close
2018,2,3,479.3,7,,close
2018,2,3,479.37,19,,close
2018,2,4,479.27,7,,open
2018,2,4,479.24,19,,open
2018,2,5,479.24,7,,open
2018,2,5,479.19,19,,open
2018,2,6,479.13,7,,open
2018,2,6,479.08,19,,open
2018,2,7,479.06,7,,open
2018,2,7,479.01,19,,open
2018,2,8,478.96,7,,open
2018,2,8,478.91,19,,open
2018,2,9,478.9,7,,open
2018,2,9,478.85,19,,open
2018,2,10,478.84,7,,open
2018,2,10,478.83,19,,open
2018,2,11,478.83,7,,open
2018,2,11,478.82,19,,open
2018,2,12,478.8,7,,open
2018,2,12,478.77,19,,open
2018,2,13,478.75,7,,open
2018,2,13,478.7,19,,open
2018,2,14,478.7,7,,open
2018,2,14,478.68,19,,open
2018,2,15,478.68,7,,open
2018,2,15,478.65,19,,open
2018,2,16,478.65,7,,open
2018,2,16,478.61,19,,open
2018,2,17,478.58,7,,open
2018,2,17,478.54,19,,open
2018,2,18,478.54,7,,open
2018,2,18,478.5,19,,open
2018,2,19,478.47,7,6,close
2018,2,19,478.47,19,2,close
2018,2,20,478.47,7,,close
2018,2,20,478.47,19,,close
2018,2,21,478.47,7,,close
2018,2,21,478.43,19,,close
2018,2,22,478.43,7,,open
2018,2,22,478.4,19,,open
2018,2,23,478.39,7,,open
2018,2,23,478.36,19,,open
2018,2,24,478.36,7,,open
2018,2,24,478.34,19,,open
2018,2,25,478.34,7,,open
2018,2,25,478.34,19,,open
2018,2,26,478.34,7,,close
2018,2,26,478.3,19,,close
2018,2,27,478.29,7,,open
2018,2,27,478.25,19,,open
2018,2,28,478.22,7,,open
2018,2,28,478.18,19,,open
2018,3,1,478.18,7,,open
2018,3,1,478.14,19,,open
2018,3,2,478.14,7,,open
2018,3,2,478.11,19,,open
2018,3,3,478.05,7,,open
2018,3,3,478.03,19,,open
2018,3,4,478.01,7,,open
2018,3,4,477.98,19,,open
2018,3,5,477.96,7,,open
2018,3,5,477.91,19,,open
2018,3,6,477.88,7,,open
2018,3,6,477.84,19,,open
2018,3,7,477.82,7,,open
2018,3,7,477.79,19,,open
2018,3,8,477.79,7,,open
2018,3,8,477.76,19,,open
2018,3,9,477.76,7,,open
2018,3,9,477.73,19,,open
2018,3,10,477.73,7,,open
2018,3,10,477.71,19,,open
2018,3,11,477.71,7,,open
2018,3,11,477.66,19,,open
2018,3,12,477.66,7,,open
2018,3,12,477.61,19,,open
2018,3,13,477.55,7,,open
2018,3,13,477.52,19,,open
2018,3,14,477.5,7,,open
2018,3,14,477.44,19,,open
2018,3,15,477.39,7,,open
2018,3,15,477.36,19,,open
2018,3,16,477.33,7,,open
2018,3,16,477.28,19,,open
2018,3,17,477.28,7,,open
2018,3,17,477.23,19,,open
2018,3,18,477.23,7,,open
2018,3,18,477.21,19,,open
2018,3,19,477.21,7,,open
2018,3,19,477.18,19,,open
2018,3,20,477.18,7,,open
2018,3,20,477.13,19,,open
2018,3,21,477.15,7,,open
2018,3,21,477.16,19,,open
2018,3,22,477.18,7,28,close
2018,3,22,477.22,19,2,close
2018,3,23,477.27,7,17,close
2018,3,23,477.28,19,16,close
2018,3,24,477.29,7,19,close
2018,3,24,477.31,19,,close
2018,3,25,477.31,7,,close
2018,3,25,477.31,19,,close
2018,3,26,477.31,7,,close
2018,3,26,477.31,19,,close
2018,3,27,477.31,7,,close
2018,3,27,477.31,19,,close
2018,3,28,477.31,7,,close
2018,3,28,477.26,19,,close
2018,3,29,477.24,7,,close
2018,3,29,477.24,19,,open
2018,3,30,477.24,7,,open
2018,3,30,477.18,19,,open
2018,3,31,477.18,7,,open
2018,3,31,477.15,19,,open
2018,4,1,477.12,7,,open
2018,4,1,477.1,19,,open
2018,4,2,477.1,7,,open
2018,4,2,477.07,19,,open
2018,4,3,477.07,7,,open
2018,4,3,477.05,19,,open
2018,4,4,477.05,7,,open
2018,4,4,477.02,19,1,open
2018,4,5,477.02,7,4,open
2018,4,5,476.96,19,,open
2018,4,6,476.96,7,,open
2018,4,6,476.93,19,,open
2018,4,7,476.93,7,13,open
2018,4,7,476.94,19,,open
2018,4,8,476.94,7,,open
2018,4,8,476.94,19,,open
2018,4,9,476.94,7,4,open
2018,4,9,476.94,19,2,open
2018,4,10,476.95,7,,close
2018,4,10,476.95,19,,close
2018,4,11,476.95,7,,open
2018,4,11,476.92,19,,open
2018,4,12,476.92,7,,open
2018,4,12,476.9,19,,open
2018,4,13,476.86,7,,open
2018,4,13,476.84,19,,open
2018,4,14,476.84,7,,open
2018,4,14,476.82,19,,open
2018,4,15,476.8,7,,open
2018,4,15,476.77,19,,open
2018,4,16,476.75,7,,open
2018,4,16,476.7,19,,open
2018,4,17,476.65,7,,open
2018,4,17,476.58,19,,open
2018,4,18,476.47,7,,open
2018,4,18,476.47,19,,open
2018,4,19,476.47,7,,open
2018,4,19,476.4,19,,open
2018,4,20,476.4,7,,open
2018,4,20,476.3,19,,open
2018,4,21,476.23,7,,open
2018,4,21,476.18,19,,open
2018,4,22,476.18,7,,open
2018,4,22,476.1,19,,open
2018,4,23,476.01,7,,open
2018,4,23,475.94,19,,open
2018,4,24,475.9,7,,open
2018,4,24,475.87,19,,open
2018,4,25,475.83,7,,open
2018,4,25,475.79,19,,open
2018,4,26,475.79,7,,open
2018,4,26,475.74,19,,open
2018,4,27,475.74,7,,open
2018,4,27,475.66,19,,open
2018,4,28,475.66,7,,open
2018,4,28,475.66,19,3,open
2018,4,29,475.66,7,2,open
2018,4,29,475.6,19,,open
2018,4,30,475.6,7,13,close
2018,4,30,475.56,19,,close
2018,5,1,475.61,7,14,close
2018,5,1,475.61,19,,close
2018,5,2,475.61,7,5,close
2018,5,2,475.61,19,,close
2018,5,3,475.61,7,6,close
2018,5,3,475.61,19,,close
2018,5,4,475.61,7,,close
2018,5,4,475.61,19,,close
2018,5,5,475.61,7,,close
2018,5,5,475.72,19,23,close
2018,5,6,475.88,7,18,close
2018,5,6,476.02,19,,close
2018,5,7,476.06,7,,close
2018,5,7,476.09,19,,close
2018,5,8,476.31,7,26,close
2018,5,8,476.4,19,1,close
2018,5,9,476.42,7,,close
2018,5,9,476.45,19,3,close
2018,5,10,476.47,7,,close
2018,5,10,476.48,19,,close
2018,5,11,476.49,7,1,close
2018,5,11,476.5,19,,close
2018,5,12,476.51,7,,close
2018,5,12,476.51,19,,close
2018,5,13,476.51,7,,close
2018,5,13,476.46,19,,close
2018,5,14,476.41,7,,close
2018,5,14,476.4,19,,close
2018,5,15,476.4,7,,close
2018,5,15,476.4,19,,close
2018,5,16,476.4,7,,close
2018,5,16,476.4,19,,close
2018,5,17,476.4,7,,close
2018,5,17,476.38,19,,close
2018,5,18,476.38,7,,close
2018,5,18,476.38,19,,close
2018,5,19,476.38,7,,close
2018,5,19,476.38,19,,close
2018,5,20,476.38,7,,close
2018,5,20,476.38,19,,close
2018,5,21,476.38,7,,close
2018,5,21,476.38,19,,close
2018,5,22,476.38,7,,close
2018,5,22,476.38,19,,close
2018,5,23,476.37,7,,open
2018,5,23,476.35,19,,open
2018,5,24,476.34,7,,open
2018,5,24,476.34,19,,open
2018,5,25,476.34,7,,open
2018,5,25,476.34,19,6,open
2018,5,26,476.34,7,,open
2018,5,26,476.34,19,,open
2018,5,27,476.34,7,,close
2018,5,27,476.4,19,23,close
2018,5,28,476.4,7,,close
2018,5,28,476.41,19,,close
2018,5,29,476.41,7,,close
2018,5,29,476.41,19,,close
2018,5,30,476.41,7,,close
2018,5,30,476.41,19,,close
2018,5,31,476.41,7,,close
2018,5,31,476.41,19,,close
2018,6,1,476.41,7,,close
2018,6,1,476.4,19,,close
2018,6,2,476.4,7,,close
2018,6,2,476.4,19,,close
2018,6,3,476.4,7,,close
2018,6,3,476.4,19,,close
2018,6,4,476.4,7,,close
2018,6,4,476.4,19,,close
2018,6,5,476.4,7,,open
2018,6,5,476.41,19,24,open
2018,6,6,476.41,7,,open
2018,6,6,476.43,19,23,open
2018,6,7,476.43,7,,open
2018,6,7,476.43,19,,open
2018,6,8,476.43,7,1,close
2018,6,8,476.43,19,,close
2018,6,9,476.44,7,8,close
2018,6,9,476.44,19,,close
2018,6,10,476.44,7,,close
2018,6,10,476.44,19,2,close
2018,6,11,476.44,7,,open
2018,6,11,476.41,19,17,open
2018,6,12,476.38,7,,open
2018,6,12,476.32,19,,open
2018,6,13,476.25,7,,close
2018,6,13,476.18,19,,close
2018,6,14,476.14,7,3,open
2018,6,14,476.08,19,,open
2018,6,15,476.04,7,2,open
2018,6,15,475.95,19,,open
2018,6,16,475.92,7,,close
2018,6,16,475.88,19,,close
2018,6,17,475.85,7,,close
2018,6,17,475.84,19,,close
2018,6,18,475.82,7,,close
2018,6,18,475.81,19,7,close
2018,6,19,475.81,7,2,close
2018,6,19,475.82,19,4,close
2018,6,20,475.83,7,,close
2018,6,20,475.84,19,,close
2018,6,21,475.85,7,,close
2018,6,21,475.85,19,1,close
2018,6,22,475.85,7,1,close
2018,6,22,475.85,19,3,close
2018,6,23,475.85,7,,open
2018,6,23,475.83,19,5,open
2018,6,24,476.22,7,82,open
2018,6,24,476.75,19,17,open
2018,6,25,476.9,7,,close
2018,6,25,476.98,19,,close
2018,6,26,477.05,7,,close
2018,6,26,477.1,19,,close
2018,6,27,477.13,7,,open
2018,6,27,477.15,19,,open
2018,6,28,477.17,7,,open
2018,6,28,477.12,19,,open
2018,6,29,477.06,7,4,open
2018,6,29,477.06,19,,open
2018,6,30,477.06,7,,open
2018,6,30,477.06,19,,open
2018,7,1,477.05,7,,open
2018,7,1,477.03,19,17,open
2018,7,2,477.08,7,,open
2018,7,2,477.03,19,3,open
2018,7,3,477.02,7,6,open
2018,7,3,477.01,19,6,open
2018,7,4,477.03,7,5,open
2018,7,4,477.05,19,,open
2018,7,5,477.06,7,,open
2018,7,5,477.06,19,,open
2018,7,6,477.3,7,35,open
2018,7,6,477.46,19,,open
2018,7,7,477.55,7,,open
2018,7,7,477.65,19,7,open
2018,7,8,477.7,7,2,open
2018,7,8,477.71,19,,open
2018,7,9,477.71,7,,open
2018,7,9,477.7,19,,open
2018,7,10,477.68,7,,open
2018,7,10,477.66,19,,open
2018,7,11,477.66,7,,open
2018,7,11,477.68,19,9,open
2018,7,12,477.68,7,8,open
2018,7,12,477.67,19,3,open
2018,7,13,477.65,7,,open
2018,7,13,477.65,19,7,open
2018,7,14,477.65,7,10,open
2018,7,14,477.7,19,3,open
2018,7,15,477.73,7,7,open
2018,7,15,477.76,19,,open
2018,7,16,477.78,7,,open
2018,7,16,477.79,19,,open
2018,7,17,477.79,7,,open
2018,7,17,477.8,19,18,open
2018,7,18,477.79,7,2,open
2018,7,18,477.78,19,,open
2018,7,19,477.76,7,,open
2018,7,19,477.75,19,,open
2018,7,20,477.85,7,37,open
2018,7,20,478.75,19,43,open
2018,7,21,479.07,7,17,open
2018,7,21,479.25,19,1,open
2018,7,22,479.53,7,27,open
2018,7,22,479.53,19,8,open
2018,7,23,479.5,7,,open
2018,7,23,479.44,19,3,open
2018,7,24,479.39,7,,open
2018,7,24,479.34,19,,open
2018,7,25,479.29,7,,open
2018,7,25,479.25,19,,open
2018,7,26,479.22,7,3,open
2018,7,26,479.24,19,23,open
2018,7,27,479.24,7,2,open
2018,7,27,479.23,19,,open
2018,7,28,479.2,7,,open
2018,7,28,479.15,19,,open
2018,7,29,479.12,7,2,open
2018,7,29,479.07,19,,open
2018,7,30,479.02,7,,open
2018,7,30,478.96,19,,open
2018,7,31,478.9,7,,open
2018,7,31,478.85,19,,open
2018,8,1,478.8,7,,open
2018,8,1,478.73,19,,open
2018,8,2,478.65,7,,open
2018,8,2,478.58,19,1,open
2018,8,3,478.5,7,,open
2018,8,3,478.42,19,,open
2018,8,4,478.35,7,7,open
2018,8,4,478.35,19,9,open
2018,8,5,478.34,7,,open
2018,8,5,478.29,19,6,open
2018,8,6,478.22,7,,open
2018,8,6,478.15,19,,open
2018,8,7,478.07,7,,open
2018,8,7,478,19,8,open
2018,8,8,477.94,7,,open
2018,8,8,477.94,19,,open
2018,8,9,477.94,7,,close
2018,8,9,477.95,19,,close
2018,8,10,477.95,7,,close
2018,8,10,477.95,19,,close
2018,8,11,477.95,7,,open
2018,8,11,477.93,19,,open
2018,8,12,477.92,7,,open
2018,8,12,477.92,19,,open
2018,8,13,477.95,7,9,open
2018,8,13,478.06,19,19,open
2018,8,14,478.3,7,32,open
2018,8,14,478.72,19,18,open
2018,8,15,478.93,7,,open
2018,8,15,479.12,19,15,open
2018,8,16,479.27,7,18,open
2018,8,16,479.49,19,,open
2018,8,17,479.49,7,,open
2018,8,17,479.55,19,18,open
2018,8,18,479.54,7,,open
2018,8,18,479.48,19,,open
2018,8,19,479.43,7,,open
2018,8,19,479.4,19,,open
2018,8,20,479.37,7,,open
2018,8,20,479.36,19,,open
2018,8,21,479.42,7,21,open
2018,8,21,479.5,19,17,open
2018,8,22,479.47,7,,open
2018,8,22,479.42,19,,open
2018,8,23,479.4,7,,open
2018,8,23,479.36,19,,open
2018,8,24,479.31,7,,open
2018,8,24,479.3,19,,open
2018,8,25,479.3,7,,open
2018,8,25,479.3,19,,open
2018,8,26,479.31,7,6,open
2018,8,26,479.3,19,,open
2018,8,27,479.3,7,,open
2018,8,27,479.29,19,,open
2018,8,28,479.28,7,,open
2018,8,28,479.25,19,,open
2018,8,29,479.25,7,5,open
2018,8,29,479.26,19,8,open
2018,8,30,479.26,7,,open
2018,8,30,479.25,19,,open
2018,8,31,479.24,7,,open
2018,8,31,479.23,19,,open
2018,9,1,479.22,7,,open
2018,9,1,479.21,19,,open
2018,9,2,479.2,7,,open
2018,9,2,479.2,19,2,open
2018,9,3,479.2,7,1,open
2018,9,3,479.22,19,13,open
2018,9,4,479.22,7,,open
2018,9,4,479.22,19,,open
2018,9,5,479.23,7,,close
2018,9,5,479.25,19,,close
2018,9,6,479.26,7,,close
2018,9,6,479.27,19,,close
2018,9,7,479.29,7,,close
2018,9,7,479.3,19,,close
2018,9,8,479.31,7,,open
2018,9,8,479.28,19,,open
2018,9,9,479.25,7,,open
2018,9,9,479.21,19,,open
2018,9,10,479.19,7,,open
2018,9,10,479.15,19,,open
2018,9,11,479.15,7,,close
2018,9,11,479.16,19,,close
2018,9,12,479.15,7,,open
2018,9,12,479.15,19,,open
2018,9,13,479.15,7,,close
2018,9,13,479.15,19,,close
2018,9,14,479.15,7,,close
2018,9,14,479.16,19,,close
2018,9,15,479.18,7,8,close
2018,9,15,479.18,19,,close
2018,9,16,479.18,7,,close
2018,9,16,479.18,19,,close
2018,9,17,479.18,7,,close
2018,9,17,479.23,19,35,close
2018,9,18,479.26,7,,close
2018,9,18,479.28,19,,close
2018,9,19,479.31,7,6,close
2018,9,19,479.33,19,4,close
2018,9,20,479.35,7,,close
2018,9,20,479.37,19,,close
2018,9,21,479.4,7,12,close
2018,9,21,479.46,19,10,close
2018,9,22,479.69,7,50,close
2018,9,22,479.79,19,,close
2018,9,23,479.84,7,,close
2018,9,23,479.87,19,,close
2018,9,24,479.9,7,,close
2018,9,24,479.93,19,,close
2018,9,25,479.95,7,,close
2018,9,25,479.96,19,,close
2018,9,26,479.97,7,,close
2018,9,26,479.98,19,3,close
2018,9,27,480,7,,close
2018,9,27,480.01,19,,close
2018,9,28,480.03,7,,close
2018,9,28,480.05,19,,close
2018,9,29,480.06,7,,close
2018,9,29,480.08,19,6,close
2018,9,30,480.09,7,,close
2018,9,30,480.1,19,,close
2018,10,1,480.11,7,,close
2018,10,1,480.11,19,,close
2018,10,2,480.12,7,,close
2018,10,2,480.12,19,,close
2018,10,3,480.13,7,,close
2018,10,3,480.14,19,,close
2018,10,4,480.15,7,,close
2018,10,4,480.1,19,,close
2018,10,5,480.16,7,,close
2018,10,5,480.18,19,4,close
2018,10,6,480.19,7,,close
2018,10,6,480.2,19,,close
2018,10,7,480.2,7,,close
2018,10,7,480.21,19,,close
2018,10,8,480.21,7,,close
2018,10,8,480.21,19,,close
2018,10,9,480.21,7,,close
2018,10,9,480.21,19,,close
2018,10,10,480.21,7,,close
2018,10,10,480.21,19,,close
2018,10,11,480.21,7,,close
2018,10,11,480.22,19,,close
2018,10,12,480.22,7,,close
2018,10,12,480.23,19,,close
2018,10,13,480.23,7,,close
2018,10,13,480.23,19,,close
2018,10,14,480.23,7,,close
2018,10,14,480.23,19,,close
2018,10,15,480.23,7,,close
2018,10,15,480.23,19,,close
2018,10,16,480.23,7,,close
2018,10,16,480.23,19,,close
2018,10,17,480.23,7,,close
2018,10,17,480.23,19,,close
2018,10,18,480.24,7,,close
2018,10,18,480.24,19,,close
2018,10,19,480.24,7,,close
2018,10,19,480.24,19,,close
2018,10,20,480.24,7,,close
2018,10,20,480.24,19,,close
2018,10,21,480.24,7,,close
2018,10,21,480.24,19,,close
2018,10,22,480.24,7,,close
2018,10,22,480.24,19,,close
2018,10,23,480.24,7,3,close
2018,10,23,480.24,19,,close
2018,10,24,480.24,7,2,close
2018,10,24,480.24,19,,close
2018,10,25,480.24,7,,close
2018,10,25,480.24,19,,close
2018,10,26,480.24,7,,close
2018,10,26,480.24,19,,close
2018,10,27,480.24,7,,close
2018,10,27,480.24,19,,close
2018,10,28,480.24,7,,close
2018,10,28,480.24,19,,close
2018,10,29,480.24,7,,close
2018,10,29,480.24,19,,close
2018,10,30,480.24,7,,close
2018,10,30,480.24,19,,close
2018,10,31,480.24,7,,close
2018,10,31,480.24,19,,close
2018,11,1,480.24,7,,close
2018,11,1,480.24,19,,close
2018,11,2,480.2,7,28,close
2018,11,2,480.25,19,,close
2018,11,3,480.25,7,,close
2018,11,3,480.25,19,,close
2018,11,4,480.25,7,,close
2018,11,4,480.25,19,1,close
2018,11,5,480.25,7,,close
2018,11,5,480.25,19,5,close
2018,11,6,480.25,7,4,close
2018,11,6,480.25,19,4,close
2018,11,7,480.26,7,6,close
2018,11,7,480.26,19,,close
2018,11,8,480.26,7,,close
2018,11,8,480.26,19,,close
2018,11,9,480.26,7,,close
2018,11,9,480.26,19,,close
2018,11,10,480.26,7,,close
2018,11,10,480.26,19,,close
2018,11,11,480.26,7,,close
2018,11,11,480.26,19,,close
2018,11,12,480.26,7,,close
2018,11,12,480.26,19,,close
2018,11,13,480.26,7,,close
2018,11,13,480.24,19,,close
2018,11,14,480.24,7,,close
2018,11,14,480.24,19,,close
2018,11,15,480.24,7,,close
2018,11,15,480.24,19,7,close
2018,11,16,480.24,7,,close
2018,11,16,480.24,19,,close
2018,11,17,480.24,7,,close
2018,11,17,480.24,19,,close
2018,11,18,480.24,7,,close
2018,11,18,480.24,19,,close
2018,11,19,480.24,7,,close
2018,11,19,480.24,19,,close
2018,11,20,480.24,7,,close
2018,11,20,480.24,19,,close
2018,11,21,480.24,7,,close
2018,11,21,480.24,19,,close
2018,11,22,480.24,7,,close
2018,11,22,480.23,19,,close
2018,11,23,480.23,7,,close
2018,11,23,480.23,19,,close
2018,11,24,480.23,7,,close
2018,11,24,480.23,19,,close
2018,11,25,480.23,7,,close
2018,11,25,480.23,19,,close
2018,11,26,480.23,7,,close
2018,11,26,480.22,19,,close
2018,11,27,480.22,7,,close
2018,11,27,480.21,19,,close
2018,11,28,480.21,7,,close
2018,11,28,480.21,19,,close
2018,11,29,480.21,7,,close
2018,11,29,480.21,19,,close
2018,11,30,480.21,7,,close
2018,11,30,480.21,19,,close
2018,12,1,480.2,7,,close
2018,12,1,480.2,19,,close
2018,12,2,480.2,7,,close
2018,12,2,480.2,19,,close
2018,12,3,480.2,7,,close
2018,12,3,480.2,19,,close
2018,12,4,480.2,7,,close
2018,12,4,480.19,19,,close
2018,12,5,480.18,7,,close
2018,12,5,480.18,19,,close
2018,12,6,480.17,7,,close
2018,12,6,480.17,19,,close
2018,12,7,480.17,7,,close
2018,12,7,480.17,19,,close
2018,12,8,480.17,7,,close
2018,12,8,480.16,19,,close
2018,12,9,480.16,7,,close
2018,12,9,480.16,19,,close
2018,12,10,480.16,7,,close
2018,12,10,480.16,19,,close
2018,12,11,480.16,7,,close
2018,12,11,480.15,19,,close
2018,12,12,480.15,7,,close
2018,12,12,480.14,19,,close
2018,12,13,480.14,7,,close
2018,12,13,480.14,19,,close
2018,12,14,480.14,7,,close
2018,12,14,480.14,19,,close
2018,12,15,480.13,7,,close
2018,12,15,480.13,19,,close
2018,12,16,480.13,7,,close
2018,12,16,480.13,19,,close
2018,12,17,480.13,7,,close
2018,12,17,480.12,19,,close
2018,12,18,480.12,7,,close
2018,12,18,480.12,19,,close
2018,12,19,480.12,7,,close
2018,12,19,480.12,19,,close
2018,12,20,480.1,7,,close
2018,12,20,480.1,19,,close
2018,12,21,480.1,7,,close
2018,12,21,480.1,19,,close
2018,12,22,480.1,7,,close
2018,12,22,480.09,19,,close
2018,12,23,480.09,7,,close
2018,12,23,480.09,19,,close
2018,12,24,480.09,7,,close
2018,12,24,480.08,19,,close
2018,12,25,480.08,7,,close
2018,12,25,480.08,19,,close
2018,12,26,480.08,7,,close
2018,12,26,480.07,19,,close
2018,12,27,480.07,7,,close
2018,12,27,480.07,19,,close
2018,12,28,480.07,7,,close
2018,12,28,480.07,19,,close
2018,12,29,480.07,7,,close
2018,12,29,480.07,19,,close
2018,12,30,480.06,7,,close
2018,12,30,480.06,19,,close
2018,12,31,480.06,7,,close
2018,12,31,480.06,19,,close
2019,1,1,480.05,7,,close
2019,1,1,480.05,19,,close
2019,1,2,480.05,7,,close
2019,1,2,480.05,19,,close
2019,1,3,480.05,7,,close
2019,1,3,480.04,19,,close
2019,1,4,480.04,7,,close
2019,1,4,480.04,19,,close
2019,1,5,480.04,7,,close
2019,1,5,480.04,19,,close
2019,1,6,480.03,7,,close
2019,1,6,480.03,19,,close
2019,1,7,480.03,7,,close
2019,1,7,480.02,19,,close
2019,1,8,480.02,7,,close
2019,1,8,480.02,19,,close
2019,1,9,480.02,7,,close
2019,1,9,480.05,19,25,close
2019,1,10,480.1,7,27,close
2019,1,10,480.12,19,13,close
2019,1,11,480.15,7,2,close
2019,1,11,480.15,19,,close
2019,1,12,480.15,7,,close
2019,1,12,480.15,19,,close
2019,1,13,480.15,7,,close
2019,1,13,480.13,19,,close
2019,1,14,480.1,7,,open
2019,1,14,480.06,19,,open
2019,1,15,480.02,7,,open
2019,1,15,479.98,19,,open
2019,1,16,479.94,7,,open
2019,1,16,479.9,19,,open
2019,1,17,479.85,7,,open
2019,1,17,479.8,19,,open
2019,1,18,479.78,7,,open
2019,1,18,479.75,19,,open
2019,1,19,479.73,7,,open
2019,1,19,479.7,19,,open
2019,1,20,479.67,7,,open
2019,1,20,479.63,19,,open
2019,1,21,479.6,7,,open
2019,1,21,479.57,19,,open
2019,1,22,479.54,7,,open
2019,1,22,479.51,19,,open
2019,1,23,479.51,7,,close
2019,1,23,479.51,19,,close
2019,1,24,479.51,7,,close
2019,1,24,479.51,19,,close
2019,1,25,479.51,7,,close
2019,1,25,479.51,19,,close
2019,1,26,479.51,7,,close
2019,1,26,479.51,19,,close
2019,1,27,479.51,7,,close
2019,1,27,479.51,19,,close
2019,1,28,479.51,7,,open
2019,1,28,479.48,19,,open
2019,1,29,479.48,7,,close
2019,1,29,479.48,19,,close
2019,1,30,479.48,7,,open
2019,1,30,479.44,19,,open
2019,1,31,479.44,7,,open
2019,1,31,479.41,19,,open
2019,2,1,479.41,7,,open
2019,2,1,479.39,19,,open
2019,2,2,479.39,7,,open
2019,2,2,479.35,19,,open
2019,2,3,479.3,7,,open
2019,2,3,479.25,19,,open
2019,2,4,479.25,7,,open
2019,2,4,479.2,19,,open
2019,2,5,479.16,7,,open
2019,2,5,479.2,19,,open
2019,2,6,479.16,7,,open
2019,2,6,479.12,19,,open
2019,2,7,479.12,7,,open
2019,2,7,479.09,19,,open
2019,2,8,479.09,7,,open
2019,2,8,479.04,19,,open
2019,2,9,478.99,7,,open
2019,2,9,478.94,19,,open
2019,2,10,478.94,7,,open
2019,2,10,478.9,19,,open
2019,2,11,478.86,7,,open
2019,2,11,478.9,19,,open
2019,2,12,478.86,7,,open
2019,2,12,478.8,19,,open
2019,2,13,478.8,7,,open
2019,2,13,478.8,19,8,open
2019,2,14,478.8,7,,open
2019,2,14,478.76,19,,open
2019,2,15,478.76,7,,open
2019,2,15,478.74,19,,open
2019,2,16,478.74,7,,open
2019,2,16,478.72,19,,open
2019,2,17,478.72,7,,open
2019,2,17,478.66,19,,open
2019,2,18,478.66,7,,open
2019,2,18,478.6,19,,open
2019,2,19,478.59,7,,open
2019,2,19,478.59,19,,open
2019,2,20,478.58,7,,open
2019,2,20,478.57,19,,open
2019,2,21,478.57,7,,open
2019,2,21,478.52,19,,open
2019,2,22,478.52,7,,open
2019,2,22,478.48,19,,open
2019,2,23,478.48,7,,open
2019,2,23,478.45,19,,open
2019,2,24,478.45,7,,open
2019,2,24,478.39,19,,open
2019,2,25,478.34,7,,open
2019,2,25,478.27,19,,open
2019,2,26,478.2,7,,open
2019,2,26,478.16,19,,open
2019,2,27,478.12,7,,open
2019,2,27,478.09,19,,open
2019,2,28,478.09,7,,open
2019,2,28,478.05,19,,open
2019,3,1,478.05,7,,open
2019,3,1,478.01,19,,open
2019,3,2,478.01,7,,open
2019,3,2,477.98,19,,open
2019,3,3,477.98,7,,open
2019,3,3,477.92,19,,open
2019,3,4,477.9,7,,open
2019,3,4,477.85,19,,open
2019,3,5,477.82,7,,open
2019,3,5,477.8,19,,open
2019,3,6,477.81,7,,open
2019,3,6,477.76,19,,open
2019,3,7,477.74,7,,open
2019,3,7,477.7,19,,open
2019,3,8,477.67,7,,close
2019,3,8,477.67,19,,close
2019,3,9,477.67,7,,open
2019,3,9,477.63,19,,open
2019,3,10,477.63,7,,open
2019,3,10,477.6,19,,open
2019,3,11,477.6,7,12,open
2019,3,11,477.6,19,,open
2019,3,12,477.6,7,,close
2019,3,12,477.6,19,4,close
2019,3,13,477.54,7,,open
2019,3,13,477.49,19,,open
2019,3,14,477.47,7,,open
2019,3,14,477.47,19,,open
2019,3,15,477.46,7,,open
2019,3,15,477.46,19,,open
2019,3,16,477.45,7,,open
2019,3,16,477.45,19,,open
2019,3,17,477.45,7,,open
2019,3,17,477.41,19,,open
2019,3,18,477.38,7,,open
2019,3,18,477.34,19,,open
2019,3,19,477.3,7,,open
2019,3,19,477.24,19,,open
2019,3,20,477.18,7,,open
2019,3,20,477.12,19,,open
2019,3,21,477.1,7,,open
2019,3,21,477.01,19,,open
2019,3,22,477.04,7,,open
2019,3,22,476.97,19,,open
2019,3,23,476.97,7,,open
2019,3,23,476.95,19,,open
2019,3,24,476.96,7,10,open
2019,3,24,476.98,19,,open
2019,3,25,476.98,7,9,close
2019,3,25,476.98,19,,close
2019,3,26,476.98,7,7,close
2019,3,26,476.99,19,,close
2019,3,27,476.99,7,,close
2019,3,27,476.99,19,,close
2019,3,28,476.99,7,,close
2019,3,28,476.99,19,,close
2019,3,29,476.99,7,,open
2019,3,29,476.96,19,,open
2019,3,30,476.93,7,,close
2019,3,30,476.93,19,,close
2019,3,31,476.93,7,,open
2019,3,31,476.87,19,,open
2019,4,1,476.82,7,,open
2019,4,1,476.77,19,,open
2019,4,2,476.75,7,,open
2019,4,2,476.7,19,,open
2019,4,3,476.67,7,,open
2019,4,3,476.6,19,,open
2019,4,4,476.57,7,,open
2019,4,4,476.5,19,,open
2019,4,5,476.5,7,,open
2019,4,5,476.44,19,,open
2019,4,6,476.39,7,,open
2019,4,6,476.36,19,,open
2019,4,7,476.36,7,5,open
2019,4,7,476.36,19,,open
2019,4,8,476.29,7,,open
2019,4,8,476.25,19,,open
2019,4,9,476.25,7,4,open
2019,4,9,476.25,19,,open
2019,4,10,476.36,7,40,open
2019,4,10,476.38,19,,open
2019,4,11,476.39,7,,close
2019,4,11,476.39,19,,close
2019,4,12,476.39,7,,close
2019,4,12,476.37,19,,close
2019,4,13,476.37,7,,open
2019,4,13,476.31,19,,open
2019,4,14,476.28,7,,open
2019,4,14,476.23,19,,open
2019,4,15,476.21,7,,open
2019,4,15,476.16,19,,open
2019,4,16,476.13,7,,open
2019,4,16,476.06,19,,open
2019,4,17,476.03,7,,open
2019,4,17,475.97,19,,open
2019,4,18,475.97,7,,close
2019,4,18,475.92,19,,close
2019,4,19,475.92,7,,open
2019,4,19,475.88,19,,open
2019,4,20,475.88,7,,open
2019,4,20,475.82,19,,open
2019,4,21,475.78,7,,open
2019,4,21,475.69,19,,open
2019,4,22,475.62,7,,open
2019,4,22,475.56,19,,open
2019,4,23,475.56,7,10,open
2019,4,23,475.56,19,,open
2019,4,24,475.5,7,,open
2019,4,24,475.46,19,5,open
2019,4,25,475.37,7,,open
2019,4,25,475.37,19,,open
2019,4,26,475.3,7,,open
2019,4,26,475.3,19,3,open
2019,4,27,475.26,7,2,close
2019,4,27,475.26,19,,close
2019,4,28,475.27,7,8,close
2019,4,28,475.27,19,,close
2019,4,29,475.28,7,10,close
2019,4,29,475.28,19,,close
2019,4,30,475.29,7,,open
2019,4,30,475.28,19,8,open
2019,5,1,475.28,7,,close
2019,5,1,475.28,19,,close
2019,5,2,475.28,7,,close
2019,5,2,475.28,19,,close
2019,5,3,475.28,7,,close
2019,5,3,475.28,19,,close
2019,5,4,475.28,7,,open
2019,5,4,475.2,19,,open
2019,5,5,475.2,7,,open
2019,5,5,475.1,19,,open
2019,5,6,475.02,7,,open
2019,5,6,474.9,19,,open
2019,5,7,474.83,7,,open
2019,5,7,474.75,19,,open
2019,5,8,474.7,7,,open
2019,5,8,474.61,19,,open
2019,5,9,474.56,7,,open
2019,5,9,474.51,19,,open
2019,5,10,474.51,7,,open
2019,5,10,474.47,19,,open
2019,5,11,474.47,7,,close
2019,5,11,474.4,19,,close
2019,5,12,474.36,7,,open
2019,5,12,474.26,19,,open
2019,5,13,474.18,7,,open
2019,5,13,474.12,19,2,open
2019,5,14,474.12,7,,open
2019,5,14,474.09,19,,open
2019,5,15,474.07,7,,open
2019,5,15,474.01,19,,open
2019,5,16,473.97,7,,open
2019,5,16,473.89,19,,open
2019,5,17,473.89,7,,open
2019,5,17,473.78,19,,open
2019,5,18,473.78,7,,open
2019,5,18,473.75,19,,open
2019,5,19,473.75,7,,close
2019,5,19,473.75,19,,close
2019,5,20,473.76,7,9,close
2019,5,20,473.76,19,,close
2019,5,21,475.76,7,,close
2019,5,21,475.76,19,,close
2019,5,22,473.76,7,,close
2019,5,22,473.76,19,3,close
2019,5,23,473.76,7,,close
2019,5,23,473.78,19,8,close
2019,5,24,473.8,7,5,close
2019,5,24,473.81,19,2,close
2019,5,25,473.81,7,,close
2019,5,25,473.81,19,,close
2019,5,26,473.81,7,,close
2019,5,26,473.81,19,,close
2019,5,27,473.81,7,,close
2019,5,27,473.81,19,,close
2019,5,28,473.81,7,,close
2019,5,28,473.81,19,1,close
2019,5,29,473.81,7,1,close
2019,5,29,475.81,19,,close
2019,5,30,473.8,7,,close
2019,5,30,473.79,19,,close
2019,5,31,473.79,7,,close
2019,5,31,475.79,19,,close
2019,6,1,475.79,7,,close
2019,6,1,473.79,19,,close
2019,6,2,473.79,7,,close
2019,6,2,473.79,19,,close
2019,6,3,473.79,7,,close
2019,6,3,475.79,19,,close
2019,6,4,473.79,7,,close
2019,6,4,473.79,19,,close
2019,6,5,473.79,7,,close
2019,6,5,473.78,19,,close
2019,6,6,473.77,7,,close
2019,6,6,473.77,19,6,close
2019,6,7,473.78,7,5,close
2019,6,7,473.8,19,11,close
2019,6,8,473.8,7,,close
2019,6,8,473.8,19,,close
2019,6,9,473.81,7,15,close
2019,6,9,473.92,19,20,close
2019,6,10,473.95,7,,close
2019,6,10,473.96,19,,close
2019,6,11,473.97,7,,close
2019,6,11,474.35,19,68,close
2019,6,12,474.52,7,7,close
2019,6,12,474.56,19,,close
2019,6,13,474.6,7,,close
2019,6,13,474.64,19,,close
2019,6,14,474.65,7,,close
2019,6,14,474.66,19,1,close
2019,6,15,474.66,7,,close
2019,6,15,475.26,19,60,close
2019,6,16,475.39,7,,close
2019,6,16,475.46,19,,close
2019,6,17,475.51,7,,close
2019,6,17,475.48,19,,close
2019,6,18,475.41,7,,open
2019,6,18,475.46,19,6,open
2019,6,19,475.4,7,,open
2019,6,19,475.39,19,,open
2019,6,20,475.39,7,,close
2019,6,20,475.39,19,,close
2019,6,21,475.4,7,,close
2019,6,21,475.4,19,,close
2019,6,22,475.7,7,,open
2019,6,22,475.4,19,,open
2019,6,23,475.35,7,,close
2019,6,23,475.35,19,,close
2019,6,24,475.35,7,,close
2019,6,24,475.35,19,3,close
2019,6,25,475.36,7,14,close
2019,6,25,475.43,19,11,close
2019,6,26,475.47,7,17,close
2019,6,26,475.5,19,2,close
2019,6,27,475.54,7,,close
2019,6,27,475.56,19,,close
2019,6,28,475.57,7,,close
2019,6,28,475.58,19,,close
2019,6,29,475.58,7,,open
2019,6,29,475.46,19,,open
2019,6,30,475.42,7,,open
2019,6,30,475.3,19,,open
2019,7,1,475.26,7,,open
2019,7,1,475.14,19,,open
2019,7,2,475.01,7,,open
2019,7,2,474.92,19,,open
2019,7,3,474.85,7,,open
2019,7,3,474.76,19,,open
2019,7,4,474.69,7,,open
2019,7,4,474.62,19,3,open
2019,7,5,474.55,7,3,open
2019,7,5,474.5,19,20,open
2019,7,6,474.5,7,,open
2019,7,6,474.53,19,,open
2019,7,7,474.53,7,,open
2019,7,7,474.51,19,,open
2019,7,8,474.52,7,,open
2019,7,8,474.46,19,,open
2019,7,9,474.46,7,,close
2019,7,9,474.46,19,,close
2019,7,10,474.55,7,9,open
2019,7,10,474.57,19,,open
2019,7,11,474.54,7,,open
2019,7,11,474.5,19,,open
2019,7,12,474.46,7,,open
2019,7,12,474.39,19,,open
2019,7,13,474.34,7,,open
2019,7,13,474.27,19,,open
2019,7,14,474.25,7,13,close
2019,7,14,474.25,19,,close
2019,7,15,474.23,7,2,close
2019,7,15,474.32,19,8,close
2019,7,16,474.2,7,7,close
2019,7,16,474.32,19,8,close
2019,7,17,475.45,7,22,close
2019,7,17,475.44,19,17,close
2019,7,18,475.45,7,8,close
2019,7,18,475.3,19,,close
2019,7,19,475.6,7,14,close
2019,7,19,475.77,19,5,close
2019,7,20,475.9,7,2,close
2019,7,20,476.05,19,,close
2019,7,21,475.92,7,2,close
2019,7,21,476.1,19,,close
2019,7,22,476.14,7,,open
2019,7,22,476.2,19,,open
2019,7,23,476.13,7,,open
2019,7,23,476.15,19,9,open
2019,7,24,476.28,7,13,open
2019,7,24,476.57,19,25,open
2019,7,25,476.86,7,5,open
2019,7,25,477.04,19,8,open
2019,7,26,477.24,7,11,open
2019,7,26,477.36,19,5,open
2019,7,27,477.47,7,,open
2019,7,27,477.7,19,5,open
2019,7,28,477.61,7,2,open
2019,7,28,477.6,19,,open
2019,7,29,477.95,7,28,open
2019,7,29,478.2,19,,open
2019,7,30,478.37,7,9,open
2019,7,30,478.46,19,1,open
2019,7,31,478.54,7,,open
2019,7,31,478.58,19,,open
2019,8,1,475.65,7,20,open
2019,8,1,479.25,19,32,open
2019,8,2,479.64,7,58,open
2019,8,2,480.03,19,28,open
2019,8,3,479.83,7,2,open
2019,8,3,479.65,19,,open
2019,8,4,479.54,7,,open
2019,8,4,479.46,19,2,open
2019,8,5,479.42,7,,open
2019,8,5,479.37,19,,open
2019,8,6,479.44,7,15,open
2019,8,6,479.4,19,1,open
2019,8,7,479.37,7,,open
2019,8,7,479.35,19,,open
2019,8,8,479.32,7,,open
2019,8,8,479.29,19,,open
2019,8,9,479.26,7,,open
2019,8,9,479.24,19,,open
2019,8,10,479.22,7,,open
2019,8,10,479.2,19,,open
2019,8,11,479.22,7,9,open
2019,8,11,479.22,19,,open
2019,8,12,479.22,7,2,open
2019,8,12,479.2,19,,open
2019,8,13,479.18,7,,open
2019,8,13,479.2,19,14,open
2019,8,14,479.2,7,,open
2019,8,14,479.19,19,,open
2019,8,15,479.17,7,,open
2019,8,15,479.17,19,,open
2019,8,16,479.17,7,3,open
2019,8,16,479.16,19,,open
2019,8,17,479.14,7,,open
2019,8,17,479.12,19,,open
2019,8,18,479.12,7,4,open
2019,8,18,479.11,19,,open
2019,8,19,479.1,7,,open
2019,8,19,479.09,19,,open
2019,8,20,479.1,7,13,open
2019,8,20,479.08,19,,open
2019,8,21,479.14,7,3,open
2019,8,21,479.15,19,,open
2019,8,22,479.38,7,28,open
2019,8,22,479.3,19,,open
2019,8,23,479.56,7,,close
2019,8,23,479.6,19,,close
2019,8,24,479.64,7,,close
2019,8,24,479.69,19,,close
2019,8,25,479.71,7,,close
2019,8,25,479.75,19,,close
2019,8,26,479.76,7,,open
2019,8,26,479.79,19,6,open
2019,8,27,479.81,7,,open
2019,8,27,479.87,19,16,open
2019,8,28,479.93,7,,open
2019,8,28,479.97,19,,open
2019,8,29,479.98,7,3,open
2019,8,29,480.01,19,,open
2019,8,30,480.25,7,40,open
2019,8,30,480.37,19,,open
2019,8,31,480.36,7,,open
2019,8,31,480.35,19,,open
2019,9,1,480.35,7,9,open
2019,9,1,480.33,19,,open
2019,9,2,480.3,7,,open
2019,9,2,480.3,19,,open
2019,9,3,480.31,7,5,open
2019,9,3,480.31,19,,open
2019,9,4,480.29,7,,open
2019,9,4,480.29,19,10,open
2019,9,5,480.27,7,,open
2019,9,5,480.25,19,2,open
2019,9,6,480.25,7,4,open
2019,9,6,480.24,19,,open
2019,9,7,480.23,7,,open
2019,9,7,480.21,19,,open
2019,9,8,480.21,7,3,open
2019,9,8,480.2,19,,open
2019,9,9,480.28,7,14,open
2019,9,9,480.34,19,,open
2019,9,10,480.33,7,,open
2019,9,10,480.3,19,,open
2019,9,11,480.29,7,,open
2019,9,11,480.28,19,,open
2019,9,12,480.26,7,,open
2019,9,12,480.26,19,,open
2019,9,13,480.26,7,,open
2019,9,13,480.25,19,,open
2019,9,14,480.25,7,,open
2019,9,14,480.24,19,,open
2019,9,15,480.23,7,,open
2019,9,15,480.22,19,,open
2019,9,16,480.22,7,,open
2019,9,16,480.22,19,,open
2019,9,17,480.22,7,,open
2019,9,17,480.22,19,,open
2019,9,18,480.22,7,,open
2019,9,18,480.23,19,3,open
2019,9,19,480.24,7,,open
2019,9,19,480.24,19,,open
2019,9,20,480.24,7,,open
2019,9,20,480.24,19,,open
2019,9,21,480.24,7,,open
2019,9,21,480.2,19,2,open
2019,9,22,480.24,7,,open
2019,9,22,480.24,19,,open
2019,9,23,480.25,7,11,close
2019,9,23,480.28,19,12,close
2019,9,24,480.3,7,,close
2019,9,24,480.31,19,,close
2019,9,25,480.32,7,,close
2019,9,25,480.33,19,,close
2019,9,26,480.34,7,,close
2019,9,26,480.35,19,,close
2019,9,27,480.36,7,,close
2019,9,27,480.37,19,,close
2019,9,28,480.38,7,,close
2019,9,28,480.4,19,,close
2019,9,29,480.39,7,,close
2019,9,29,480.41,19,,close
2019,9,30,480.46,7,25,open
2019,9,30,480.4,19,48,open
2019,10,1,480.26,7,,open
2019,10,1,480.26,19,,close
2019,10,2,480.26,7,,close
2019,10,2,480.26,19,,close
2019,10,3,480.26,7,,close
2019,10,3,480.26,19,,close
2019,10,4,480.26,7,,close
2019,10,4,480.25,19,,close
2019,10,5,480.25,7,,close
2019,10,5,480.25,19,,close
2019,10,6,480.25,7,2,close
2019,10,6,480.25,19,,close
2019,10,7,480.25,7,,close
2019,10,7,480.25,19,,close
2019,10,8,480.25,7,,close
2019,10,8,480.25,19,,close
2019,10,9,480.25,7,5,close
2019,10,9,480.27,19,3,close
2019,10,10,480.35,7,52,open
2019,10,10,480.56,19,55,open
2019,10,11,480.35,7,,open
2019,10,11,480.33,19,,open
2019,10,12,480.31,7,,open
2019,10,12,480.3,19,,open
2019,10,13,480.29,7,,open
2019,10,13,480.28,19,,open
2019,10,14,480.27,7,,open
2019,10,14,480.26,19,,open
2019,10,15,480.25,7,,open
2019,10,15,480.25,19,,open
2019,10,16,480.25,7,,open
2019,10,16,480.25,19,,open
2019,10,17,480.25,7,,open
2019,10,17,480.24,19,,open
2019,10,18,480.24,7,,open
2019,10,18,480.23,19,,open
2019,10,19,480.23,7,,open
2019,10,19,480.22,19,,open
2019,10,20,480.22,7,,open
2019,10,20,480.22,19,,open
2019,10,21,480.22,7,,open
2019,10,21,480.22,19,,open
2019,10,22,480.22,7,,open
2019,10,22,480.22,19,,open
2019,10,23,480.22,7,,close
2019,10,23,480.22,19,,close
2019,10,24,480.22,7,,close
2019,10,24,480.23,19,,close
2019,10,25,480.23,7,,close
2019,10,25,480.23,19,,close
2019,10,26,480.24,7,,close
2019,10,26,480.24,19,,close
2019,10,27,480.24,7,,close
2019,10,27,480.24,19,,close
2019,10,28,480.24,7,,close
2019,10,28,480.24,19,,close
2019,10,29,480.24,7,,close
2019,10,29,480.25,19,,close
2019,10,30,480.25,7,,close
2019,10,30,480.25,19,,close
2019,10,31,480.25,7,,close
2019,10,31,480.25,19,,close
2019,11,1,480.25,7,,close
2019,11,1,480.25,19,,close
2019,11,2,480.25,7,,close
2019,11,2,480.25,19,,close
2019,11,3,480.25,7,,close
2019,11,3,480.25,19,,close
2019,11,4,480.25,7,1,close
2019,11,4,480.25,19,,close
2019,11,5,480.25,7,,close
2019,11,5,480.25,19,,close
2019,11,6,480.25,7,,close
2019,11,6,480.25,19,,close
2019,11,7,480.24,7,,close
2019,11,7,480.24,19,,close
2019,11,8,480.24,7,,close
2019,11,8,480.24,19,,close
2019,11,9,480.23,7,,close
2019,11,9,480.23,19,,close
2019,11,10,480.23,7,,close
2019,11,10,480.23,19,4,close
2019,11,11,480.23,7,,close
2019,11,11,480.23,19,,close
2019,11,12,480.22,7,,close
2019,11,12,480.23,19,7,close
2019,11,13,480.24,7,1,close
2019,11,13,480.24,19,,close
2019,11,14,480.24,7,,close
2019,11,14,480.24,19,,close
2019,11,15,480.24,7,,close
2019,11,15,480.25,19,15,close
2019,11,16,480.25,7,,close
2019,11,16,480.25,19,,close
2019,11,17,480.25,7,,close
2019,11,17,480.25,19,,close
2019,11,18,480.25,7,,close
2019,11,18,480.25,19,,close
2019,11,19,480.25,7,,close
2019,11,19,480.25,19,,close
2019,11,20,480.25,7,,close
2019,11,20,480.24,19,,close
2019,11,21,480.24,7,,close
2019,11,21,480.24,19,,close
2019,11,22,480.24,7,,close
2019,11,22,480.24,19,,close
2019,11,23,480.23,7,,close
2019,11,23,480.23,19,,close
2019,11,24,480.23,7,,close
2019,11,24,480.23,19,,close
2019,11,25,480.23,7,,close
2019,11,25,480.23,19,,close
2019,11,26,480.23,7,,close
2019,11,26,480.23,19,,close
2019,11,27,480.22,7,,close
2019,11,27,480.22,19,,close
2019,11,28,480.22,7,,close
2019,11,28,480.21,19,,close
2019,11,29,480.21,7,,close
2019,11,29,480.2,19,,close
2019,11,30,480.2,7,,close
2019,11,30,480.19,19,,close
2019,12,1,480.19,7,,close
2019,12,1,480.18,19,,close
2019,12,2,480.18,7,,close
2019,12,2,480.17,19,,close
2019,12,3,480.17,7,,close
2019,12,3,480.17,19,,close
2019,12,4,480.17,7,,close
2019,12,4,480.18,19,12,close
2019,12,5,480.22,7,23,close
2019,12,5,480.22,19,,close
2019,12,6,480.23,7,,close
2019,12,6,480.23,19,,close
2019,12,7,480.23,7,,close
2019,12,7,480.23,19,,close
2019,12,8,480.23,7,,close
2019,12,8,480.23,19,,close
2019,12,9,480.23,7,7,close
2019,12,9,480.24,19,4,close
2019,12,10,480.24,7,,close
2019,12,10,480.24,19,,close
2019,12,11,480.24,7,,close
2019,12,11,480.24,19,,close
2019,12,12,480.24,7,,close
2019,12,12,480.24,19,,close
2019,12,13,480.24,7,,close
2019,12,13,480.24,19,,close
2019,12,14,480.24,7,,close
2019,12,14,480.24,19,,close
2019,12,15,480.24,7,,close
2019,12,15,480.25,19,,close
2019,12,16,480.23,7,,close
2019,12,16,480.24,19,5,close
2019,12,17,480.24,7,6,close
2019,12,17,480.24,19,3,close
2019,12,18,480.25,7,,close
2019,12,18,480.25,19,,close
2019,12,19,480.25,7,,close
2019,12,19,480.25,19,,close
2019,12,20,480.25,7,,close
2019,12,20,480.25,19,,close
2019,12,21,480.25,7,,close
2019,12,21,480.25,19,,close
2019,12,22,480.24,7,,close
2019,12,22,480.24,19,,close
2019,12,23,480.24,7,,close
2019,12,23,480.24,19,,close
2019,12,24,480.24,7,,close
2019,12,24,480.24,19,,close
2019,12,25,480.23,7,,close
2019,12,25,480.23,19,,close
2019,12,26,480.24,7,,close
2019,12,26,480.24,19,16,close
2019,12,27,480.24,7,,close
2019,12,27,480.24,19,,close
2019,12,28,480.24,7,,close
2019,12,28,480.24,19,,close
2019,12,29,480.24,7,3,close
2019,12,29,480.24,19,4,close
2019,12,30,480.25,7,,close
2019,12,30,480.25,19,,close
2019,12,31,480.25,7,,close
2019,12,31,480.25,19,,close
2020,1,1,480.25,7,,close
2020,1,1,480.25,19,,close
2020,1,2,480.25,7,,close
2020,1,2,480.25,19,,close
2020,1,3,480.25,7,,close
2020,1,3,480.25,19,,close
2020,1,4,480.25,7,,close
2020,1,4,480.25,19,,close
2020,1,5,480.25,7,,close
2020,1,5,480.25,19,,close
2020,1,6,480.25,7,,close
2020,1,6,480.25,19,,close
2020,1,7,480.25,7,,close
2020,1,7,480.2,19,,close
2020,1,8,480.15,7,,open
2020,1,8,480.1,19,,open
2020,1,9,480.06,7,,open
2020,1,9,480.05,19,,open
2020,1,10,480.05,7,,open
2020,1,10,480.04,19,,open
2020,1,11,480.03,7,,open
2020,1,11,480.01,19,,open
2020,1,12,480,7,,open
2020,1,12,479.99,19,,open
2020,1,13,479.98,7,,open
2020,1,13,479.97,19,,open
2020,1,14,479.97,7,,close
2020,1,14,479.97,19,,close
2020,1,15,479.96,7,3,close
2020,1,15,479.96,19,,close
2020,1,16,479.96,7,,close
2020,1,16,479.96,19,,close
2020,1,17,479.95,7,,close
2020,1,17,479.95,19,,close
2020,1,18,479.95,7,,close
2020,1,18,479.95,19,,close
2020,1,19,479.95,7,,close
2020,1,19,479.95,19,,close
2020,1,20,479.95,7,,close
2020,1,20,479.9,19,,close
2020,1,21,479.9,7,,open
2020,1,21,479.89,19,,open
2020,1,22,479.89,7,,close
2020,1,22,479.85,19,,close
2020,1,23,479.83,7,,open
2020,1,23,477.84,19,8,open
2020,1,24,479.84,7,10,close
2020,1,24,479.84,19,3,close
2020,1,25,479.84,7,,close
2020,1,25,479.84,19,3,close
2020,1,26,479.86,7,12,close
2020,1,26,479.9,19,17,close
2020,1,27,479.97,7,7,close
2020,1,27,479.99,19,,close
2020,1,28,480,7,,close
2020,1,28,480,19,,close
2020,1,29,480,7,,close
2020,1,29,480,19,,close
2020,1,30,480,7,,close
2020,1,30,480,19,,close
2020,1,31,480,7,,close
2020,1,31,480,19,,close
2020,2,1,480,7,,open
2020,2,1,479.97,19,,open
2020,2,2,479.97,7,,open
2020,2,2,479.97,19,,open
2020,2,3,479.95,7,,open
2020,2,3,479.92,19,,open
2020,2,4,479.88,7,,open
2020,2,4,479.86,19,,open
2020,2,5,479.86,7,,open
2020,2,5,479.84,19,,open
2020,2,6,479.84,7,,open
2020,2,6,479.81,19,,open
2020,2,7,479.78,7,,open
2020,2,7,479.75,19,,open
2020,2,8,479.75,7,,open
2020,2,8,479.75,19,,open
2020,2,9,479.74,7,,close
2020,2,9,479.74,19,,close
2020,2,10,479.74,7,,close
2020,2,10,479.74,19,,close
2020,2,11,479.74,7,,open
2020,2,11,479.74,19,,open
2020,2,12,479.73,7,,open
2020,2,12,479.68,19,,open
2020,2,13,479.68,7,,open
2020,2,13,479.63,19,,open
2020,2,14,479.61,7,,open
2020,2,14,479.57,19,,open
2020,2,15,479.55,7,,open
2020,2,15,479.52,19,,open
2020,2,16,479.5,7,,open
2020,2,16,479.46,19,,open
2020,2,17,479.46,7,,close
2020,2,17,479.46,19,,close
2020,2,18,479.46,7,,close
2020,2,18,479.41,19,,close
2020,2,19,479.41,7,,open
2020,2,19,479.37,19,,open
2020,2,20,479.37,7,,open
2020,2,20,479.35,19,,open
2020,2,21,479.35,7,,open
2020,2,21,479.31,19,,open
2020,2,22,479.31,7,,open
2020,2,22,479.3,19,,open
2020,2,23,479.3,7,,close
2020,2,23,479.28,19,,close
2020,2,24,479.28,7,12,close
2020,2,24,479.31,19,16,close
2020,2,25,479.31,7,,close
2020,2,25,479.31,19,,close
2020,2,26,479.31,7,,close
2020,2,26,479.31,19,5,close
2020,2,27,479.31,7,,close
2020,2,27,479.31,19,,close
2020,2,28,479.31,7,,open
2020,2,28,479.3,19,,open
2020,2,29,479.3,7,,close
2020,2,29,479.3,19,,close
2020,3,1,479.3,7,,close
2020,3,1,479.25,19,,close
2020,3,2,479.25,7,,close
2020,3,2,479.21,19,,close
2020,3,3,479.21,7,,open
2020,3,3,479.19,19,,open
2020,3,4,479.18,7,,open
2020,3,4,479.17,19,,open
2020,3,5,479.16,7,,open
2020,3,5,479.13,19,,open
2020,3,6,479.1,7,,open
2020,3,6,479.06,19,,open
2020,3,7,479.06,7,,open
2020,3,7,479.03,19,,open
2020,3,8,479.02,7,,open
2020,3,8,478.97,19,,open
2020,3,9,478.97,7,,open
2020,3,9,478.95,19,,open
2020,3,10,478.93,7,,open
2020,3,10,478.9,19,,open
2020,3,11,478.88,7,,open
2020,3,11,478.88,19,,open
2020,3,12,478.88,7,,open
2020,3,12,478.84,19,,open
2020,3,13,478.82,7,,open
2020,3,13,478.77,19,,open
2020,3,14,478.75,7,,open
2020,3,14,478.75,19,,open
2020,3,15,478.75,7,,open
2020,3,15,478.71,19,,open
2020,3,16,478.71,7,,close
2020,3,16,478.71,19,,close
2020,3,17,478.71,7,,close
2020,3,17,478.71,19,,close
2020,3,18,478.71,7,,open
2020,3,18,475.6,19,,open
2020,3,19,478.56,7,,open
2020,3,19,478.5,19,,open
2020,3,20,478.5,7,,open
2020,3,20,478.46,19,,open
2020,3,21,478.46,7,,open
2020,3,21,478.44,19,,open
2020,3,22,478.44,7,,open
2020,3,22,478.39,19,,open
2020,3,23,478.39,7,,open
2020,3,23,478.35,19,,open
2020,3,24,478.35,7,,open
2020,3,24,478.3,19,,open
2020,3,25,478.25,7,,open
2020,3,25,478.2,19,,open
2020,3,26,478.2,7,,open
2020,3,26,478.16,19,,open
2020,3,27,478.14,7,,open
2020,3,27,478.1,19,,open
2020,3,28,478.1,7,,open
2020,3,28,478.09,19,,open
2020,3,29,478.09,7,,open
2020,3,29,478.05,19,,open
2020,3,30,478.02,7,,open
2020,3,30,477.97,19,,open
2020,3,31,477.93,7,,open
2020,3,31,477.88,19,,open
2020,4,1,477.85,7,,open
2020,4,1,477.81,19,,open
2020,4,2,477.81,7,,open
2020,4,2,477.77,19,,open
2020,4,3,477.77,7,,open
2020,4,3,477.75,19,,open
2020,4,4,477.75,7,,open
2020,4,4,477.7,19,,open
2020,4,5,477.7,7,,open
2020,4,5,477.66,19,,open
2020,4,6,477.62,7,,open
2020,4,6,477.58,19,,open
2020,4,7,477.58,7,,open
2020,4,7,477.51,19,,open
2020,4,8,477.51,7,,open
2020,4,8,477.49,19,,open
2020,4,9,477.49,7,10,open
2020,4,9,477.49,19,,open
2020,4,10,477.49,7,,open
2020,4,10,477.48,19,,open
2020,4,11,477.48,7,,open
2020,4,11,477.43,19,,open
2020,4,12,477.38,7,,open
2020,4,12,477.31,19,,open
2020,4,13,477.33,7,,open
2020,4,13,477.28,19,,open
2020,4,14,477.27,7,,open
2020,4,14,477.25,19,,open
2020,4,15,477.26,7,,open
2020,4,15,477.15,19,,open
2020,4,16,477.15,7,,open
2020,4,16,477.05,19,,open
2020,4,17,477.1,7,,open
2020,4,17,477.02,19,,open
2020,4,18,477,7,,open
2020,4,18,477,19,,open
2020,4,19,477,7,2,close
2020,4,19,476.98,19,,close
2020,4,20,476.98,7,,close
2020,4,20,476.96,19,,close
2020,4,21,476.96,7,6,close
2020,4,21,476.96,19,,close
2020,4,22,476.96,7,10,close
2020,4,22,476.99,19,3,close
2020,4,23,477.02,7,6,close
2020,4,23,477.02,19,,close
2020,4,24,477.04,7,4,open
2020,4,24,477.02,19,,open
2020,4,25,477.02,7,15,open
2020,4,25,477.02,19,,open
2020,4,26,477.02,7,,close
2020,4,26,477.02,19,,close
2020,4,27,477.02,7,,close
2020,4,27,477.01,19,,close
2020,4,28,477.01,7,,close
2020,4,28,477,19,,close
2020,4,29,477.01,7,,close
2020,4,29,476.92,19,,close
2020,4,30,476.92,7,5,open
2020,4,30,476.92,19,,open
2020,5,1,476.92,7,,close
2020,5,1,476.92,19,,close
2020,5,2,476.94,7,13,close
2020,5,2,476.94,19,,close
2020,5,3,476.94,7,,open
2020,5,3,476.91,19,,open
2020,5,4,476.91,7,2,close
2020,5,4,476.91,19,,close
2020,5,5,476.91,7,,close
2020,5,5,476.91,19,,close
2020,5,6,476.91,7,,open
2020,5,6,476.88,19,12,open
2020,5,7,476.88,7,,close
2020,5,7,476.88,19,,close
2020,5,8,476.88,7,,close
2020,5,8,476.88,19,,close
2020,5,9,476.88,7,,close
2020,5,9,476.85,19,,close
2020,5,10,476.85,7,,close
2020,5,10,476.8,19,,close
2020,5,11,476.8,7,,open
2020,5,11,476.75,19,,open
2020,5,12,476.7,7,,open
2020,5,12,476.64,19,,open
2020,5,13,476.6,7,5,open
2020,5,13,476.56,19,,open
2020,5,14,476.56,7,,close
2020,5,14,476.56,19,,close
2020,5,15,476.55,7,24,close
2020,5,15,476.58,19,,close
2020,5,16,476.58,7,2,close
2020,5,16,476.62,19,12,close
2020,5,17,476.62,7,,close
2020,5,17,476.63,19,,close
2020,5,18,476.63,7,,close
2020,5,18,476.63,19,,close
2020,5,19,476.63,7,,close
2020,5,19,476.63,19,,close
2020,5,20,476.63,7,,close
2020,5,20,476.63,19,,close
2020,5,21,476.63,7,,open
2020,5,21,476.57,19,,open
2020,5,22,476.57,7,,close
2020,5,22,476.57,19,,close
2020,5,23,476.57,7,,close
2020,5,23,476.57,19,,close
2020,5,24,476.58,7,10,close
2020,5,24,476.58,19,,close
2020,5,25,476.65,7,32,close
2020,5,25,476.66,19,,close
2020,5,26,476.69,7,6,close
2020,5,26,476.71,19,,close
2020,5,27,476.72,7,,close
2020,5,27,476.74,19,2,close
2020,5,28,476.75,7,,close
2020,5,28,476.75,19,,close
2020,5,29,476.75,7,,close
2020,5,29,476.81,19,27,close
2020,5,30,476.95,7,6,close
2020,5,30,477,19,3,close
2020,5,31,477.05,7,,close
2020,5,31,477.07,19,,close
2020,6,1,477.1,7,,close
2020,6,1,477.11,19,,close
2020,6,2,477.12,7,,close
2020,6,2,477.13,19,,close
2020,6,3,477.15,7,,close
2020,6,3,477.15,19,,close
2020,6,4,477.19,7,12,close
2020,6,4,477.2,19,,close
2020,6,5,477.21,7,,close
2020,6,5,477.22,19,,close
2020,6,6,477.24,7,7,close
2020,6,6,477.25,19,,close
2020,6,7,477.26,7,,close
2020,6,7,477.3,19,8,close
2020,6,8,477.3,7,,close
2020,6,8,477.31,19,4,close
2020,6,9,477.33,7,5,close
2020,6,9,477.34,19,,close
2020,6,10,477.35,7,,close
2020,6,10,477.35,19,,close
2020,6,11,477.36,7,,close
2020,6,11,477.36,19,,close
2020,6,12,477.36,7,,close
2020,6,12,477.36,19,,close
2020,6,13,477.34,7,,open
2020,6,13,477.3,19,,open
2020,6,14,477.27,7,,open
2020,6,14,477.24,19,,open
2020,6,15,477.19,7,,open
2020,6,15,477.13,19,,open
2020,6,16,477.07,7,,open
2020,6,16,477.01,19,,open
2020,6,17,477.03,7,30,close
2020,6,17,477.31,19,45,close
2020,6,18,477.36,7,,close
2020,6,18,477.4,19,,close
2020,6,19,477.36,7,,close
2020,6,19,477.36,19,,close
2020,6,20,477.36,7,,open
2020,6,20,477.34,19,,open
2020,6,21,477.34,7,,open
2020,6,21,477.35,19,,open
2020,6,22,477.35,7,,close
2020,6,22,477.35,19,,close
2020,6,23,477.36,7,,close
2020,6,23,477.36,19,,close
2020,6,24,477.37,7,,open
2020,6,24,477.37,19,,open
2020,6,25,477.38,7,18,open
2020,6,25,477.38,19,,open
2020,6,26,477.38,7,,open
2020,6,26,477.37,19,,open
2020,6,27,477.39,7,11,open
2020,6,27,477.36,19,,open
2020,6,28,477.35,7,,open
2020,6,28,477.3,19,,open
2020,6,29,477.26,7,,open
2020,6,29,477.2,19,,open
2020,6,30,477.15,7,,open
2020,6,30,477.08,19,,open
2020,7,1,476.98,7,,open
2020,7,1,476.9,19,,open
2020,7,2,476.82,7,,open
2020,7,2,476.76,19,5,open
2020,7,3,476.74,7,,open
2020,7,3,476.74,19,9,close
2020,7,4,476.74,7,,close
2020,7,4,476.74,19,,close
2020,7,5,476.74,7,,close
2020,7,5,476.73,19,,close
2020,7,6,476.71,7,2,open
2020,7,6,476.7,19,9,open
2020,7,7,476.69,7,,open
2020,7,7,476.6,19,3,open
2020,7,8,476.65,7,,open
2020,7,8,476.54,19,,open
2020,7,9,476.48,7,,open
2020,7,9,476.43,19,,open
2020,7,10,476.38,7,,open
2020,7,10,476.32,19,,open
2020,7,11,476.25,7,,open
2020,7,11,476.2,19,,open
2020,7,12,476.13,7,,open
2020,7,12,476.05,19,,open
2020,7,13,476.03,7,,open
2020,7,13,476.45,19,36,open
2020,7,14,476.5,7,46,open
2020,7,14,477.06,19,6,open
2020,7,15,477.18,7,27,open
2020,7,15,477.2,19,4,open
2020,7,16,477.24,7,,open
2020,7,16,477.27,19,,open
2020,7,17,477.27,7,5,open
2020,7,17,477.27,19,,open
2020,7,18,477.27,7,,open
2020,7,18,477.25,19,,open
2020,7,19,477.23,7,,open
2020,7,19,477.23,19,8,open
2020,7,20,477.2,7,,open
2020,7,20,477.25,19,8,open
2020,7,21,477.3,7,,open
2020,7,21,477.41,19,26,open
2020,7,22,477.51,7,,open
2020,7,22,477.51,19,,open
2020,7,23,477.56,7,,open
2020,7,23,477.56,19,,open
2020,7,24,477.56,7,,open
2020,7,24,477.52,19,,open
2020,7,25,477.5,7,,open
2020,7,25,477.48,19,,open
2020,7,26,477.45,7,,open
2020,7,26,477.42,19,,open
2020,7,27,477.4,7,,open
2020,7,27,477.36,19,,open
2020,7,28,477.34,7,,open
2020,7,28,477.29,19,,open
2020,7,29,477.31,7,12,open
2020,7,29,477.51,19,20,open
2020,7,30,477.53,7,,open
2020,7,30,477.55,19,,open
2020,7,31,477.57,7,,open
2020,7,31,477.57,19,,open
2020,8,1,477.58,7,,open
2020,8,1,477.56,19,,open
2020,8,2,477.56,7,,open
2020,8,2,477.56,19,,open
2020,8,3,477.64,7,17,open
2020,8,3,477.82,19,21,open
2020,8,4,477.88,7,,open
2020,8,4,477.93,19,3,open
2020,8,5,478.88,7,56,open
2020,8,5,478.96,19,,open
2020,8,6,479.06,7,1,open
2020,8,6,479.1,19,,open
2020,8,7,479.1,7,,open
2020,8,7,479.08,19,,open
2020,8,8,479.34,7,31,open
2020,8,8,479.3,19,,open
2020,8,9,479.29,7,,open
2020,8,9,479.25,19,,open
2020,8,10,479.21,7,,open
2020,8,10,479.18,19,5,open
2020,8,11,479.71,7,70,open
2020,8,11,479.61,19,1,open
2020,8,12,479.5,7,,open
2020,8,12,479.42,19,15,open
2020,8,13,479.42,7,12,open
2020,8,13,479.36,19,,open
2020,8,14,479.16,7,88,open
2020,8,14,479.84,19,,open
2020,8,15,479.61,7,,open
2020,8,15,479.48,19,,open
2020,8,16,479.4,7,,open
2020,8,16,479.41,19,14,open
2020,8,17,479.38,7,7,open
2020,8,17,479.34,19,,open
2020,8,18,479.3,7,,open
2020,8,18,479.26,19,,open
2020,8,19,479.23,7,,open
2020,8,19,479.21,19,7,open
2020,8,20,479.36,7,28,open
2020,8,20,479.39,19,4,open
2020,8,21,479.36,7,,open
2020,8,21,479.31,19,,open
2020,8,22,479.29,7,6,open
2020,8,22,479.25,19,,open
2020,8,23,479.2,7,4,open
2020,8,23,479.18,19,,open
2020,8,24,479.15,7,,open
2020,8,24,479.15,19,,open
2020,8,25,479.05,7,,open
2020,8,25,478.98,19,,open
2020,8,26,478.91,7,,open
2020,8,26,478.84,19,,open
2020,8,27,478.75,7,,open
2020,8,27,478.71,19,12,open
2020,8,28,478.65,7,,open
2020,8,28,478.61,19,4,open
2020,8,29,478.84,7,26,open
2020,8,29,478.87,19,,open
2020,8,30,478.85,7,,open
2020,8,30,478.85,19,,open
2020,8,31,479.1,7,5,open
2020,8,31,479.2,19,2,open
2020,9,1,479.26,7,,open
2020,9,1,479.28,19,,open
2020,9,2,479.3,7,,open
2020,9,2,479.32,19,,open
2020,9,3,479.45,7,28,open
2020,9,3,479.55,19,2,open
2020,9,4,479.62,7,,open
2020,9,4,479.67,19,3,open
2020,9,5,479.72,7,4,open
2020,9,5,479.74,19,,open
2020,9,6,479.76,7,,open
2020,9,6,479.79,19,,open
2020,9,7,479.8,7,,open
2020,9,7,479.84,19,,open
2020,9,8,479.9,7,11,open
2020,9,8,479.93,19,,open
2020,9,9,479.95,7,2,open
2020,9,9,479.96,19,,open
2020,9,10,479.99,7,,open
2020,9,10,479.98,19,,open
2020,9,11,480.01,7,,open
2020,9,11,480.03,19,,open
2020,9,12,480.04,7,,open
2020,9,12,480.05,19,,open
2020,9,13,480.05,7,,open
2020,9,13,480.05,19,,open
2020,9,14,480.05,7,,open
2020,9,14,480.05,19,,open
2020,9,15,480.05,7,,open
2020,9,15,480.05,19,,open
2020,9,16,480.05,7,,open
2020,9,16,480.06,19,,open
2020,9,17,480.06,7,,open
2020,9,17,480.07,19,,open
2020,9,18,480.08,7,,close
2020,9,18,480.12,19,2,close
2020,9,19,480.14,7,,close
2020,9,19,480.15,19,,close
2020,9,20,480.15,7,,close
2020,9,20,480.16,19,,close
2020,9,21,480.16,7,,close
2020,9,21,480.17,19,,close
2020,9,22,480.17,7,,close
2020,9,22,480.15,19,,close
2020,9,23,480.17,7,,close
2020,9,23,480.17,19,,close
2020,9,24,480.15,7,,close
2020,9,24,480.11,19,,close
2020,9,25,480.13,7,,close
2020,9,25,480.13,19,,close
2020,9,26,480.14,7,,close
2020,9,26,480.14,19,,close
2020,9,27,480.14,7,,close
2020,9,27,480.17,19,13,close
2020,9,28,480.18,7,,close
2020,9,28,480.18,19,,close
2020,9,29,480.18,7,,close
2020,9,29,480.18,19,,close
2020,9,30,480.19,7,1,close
2020,9,30,480.2,19,,close
2020,10,1,480.2,7,,open
2020,10,1,480.2,19,3,open
2020,10,2,480.21,7,2,open
2020,10,2,480.23,19,,open
2020,10,3,480.23,7,,open
2020,10,3,480.24,19,,open
2020,10,4,480.24,7,,open
2020,10,4,480.24,19,,open
2020,10,5,480.24,7,,open
2020,10,5,480.24,19,,open
2020,10,6,480.24,7,,open
2020,10,6,480.25,19,,open
2020,10,7,480.25,7,,open
2020,10,7,480.25,19,,open
2020,10,8,480.26,7,,open
2020,10,8,480.26,19,,open
2020,10,9,480.26,7,,open
2020,10,9,480.26,19,,open
2020,10,10,480.26,7,,open
2020,10,10,480.27,19,17,open
2020,10,11,480.29,7,5,open
2020,10,11,480.3,19,,open
2020,10,12,480.3,7,,open
2020,10,12,480.3,19,,open
2020,10,13,480.3,7,,open
2020,10,13,480.3,19,,open
2020,10,14,480.3,7,,open
2020,10,14,480.3,19,,open
2020,10,15,480.3,7,,open
2020,10,15,480.3,19,,open
2020,10,16,480.3,7,,open
2020,10,16,480.3,19,,open
2020,10,17,480.3,7,,open
2020,10,17,480.29,19,,open
2020,10,18,480.29,7,,open
2020,10,18,480.29,19,,open
2020,10,19,480.29,7,,open
2020,10,19,480.29,19,,open
2020,10,20,480.29,7,,open
2020,10,20,480.29,19,,open
2020,10,21,480.29,7,,open
2020,10,21,480.28,19,,open
2020,10,22,480.28,7,,close
2020,10,22,480.28,19,,close
2020,10,23,480.27,7,,close
2020,10,23,480.27,19,,close
2020,10,24,480.26,7,,close
2020,10,24,480.22,19,,close
2020,10,25,480.26,7,2,close
2020,10,25,480.26,19,1,close
2020,10,26,480.26,7,,close
2020,10,26,480.26,19,10,close
2020,10,27,480.26,7,,close
2020,10,27,480.26,19,,close
2020,10,28,480.26,7,,close
2020,10,28,480.26,19,,close
2020,10,29,480.26,7,,close
2020,10,29,480.26,19,,close
2020,10,30,480.26,7,,close
2020,10,30,480.25,19,,close
2020,10,31,480.25,7,,close
2020,10,31,480.25,19,,close
2020,11,1,480.24,7,,open
2020,11,1,480.24,19,,open
2020,11,2,480.23,7,,open
2020,11,2,480.23,19,,open
2020,11,3,480.23,7,,open
2020,11,3,480.22,19,,open
2020,11,4,480.22,7,,open
2020,11,4,480.21,19,,open
2020,11,5,480.2,7,,open
2020,11,5,480.2,19,,open
2020,11,6,480.19,7,,open
2020,11,6,480.18,19,,open
2020,11,7,480.17,7,,open
2020,11,7,480.17,19,,open
2020,11,8,480.16,7,5,open
2020,11,8,480.16,19,2,open
2020,11,9,480.16,7,,open
2020,11,9,480.2,19,23,open
2020,11,10,480.25,7,26,open
2020,11,10,480.29,19,15,open
2020,11,11,480.31,7,2,open
2020,11,11,480.32,19,,open
2020,11,12,480.33,7,,open
2020,11,12,480.33,19,,open
2020,11,13,480.33,7,,open
2020,11,13,480.33,19,,open
2020,11,14,480.33,7,,open
2020,11,14,480.33,19,,open
2020,11,15,480.33,7,,open
2020,11,15,480.33,19,,open
2020,11,16,480.33,7,,open
2020,11,16,480.33,19,,open
2020,11,17,480.33,7,,open
2020,11,17,480.33,19,,open
2020,11,18,480.33,7,,open
2020,11,18,480.33,19,,open
2020,11,19,480.32,7,,open
2020,11,19,480.32,19,,open
2020,11,20,480.32,7,,open
2020,11,20,480.32,19,,open
2020,11,21,480.31,7,,open
2020,11,21,480.31,19,,open
2020,11,22,480.31,7,,open
2020,11,22,480.31,19,,open
2020,11,23,480.31,7,,open
2020,11,23,480.31,19,,open
2020,11,24,480.3,7,,open
2020,11,24,480.3,19,,open
2020,11,25,480.3,7,1,open
2020,11,25,480.3,19,,open
2020,11,26,480.3,7,,open
2020,11,26,480.29,19,,open
2020,11,27,480.29,7,,open
2020,11,27,480.29,19,,open
2020,11,28,480.28,7,,open
2020,11,28,480.28,19,,open
2020,11,29,480.28,7,,open
2020,11,29,480.28,19,,open
2020,11,30,480.28,7,,open
2020,11,30,480.27,19,,open
2020,12,1,480.27,7,,open
2020,12,1,480.26,19,,open
2020,12,2,480.26,7,,open
2020,12,2,480.26,19,,open
2020,12,3,480.25,7,,open
2020,12,3,480.25,19,,open
2020,12,4,480.25,7,,open
2020,12,4,480.25,19,,open
2020,12,5,480.24,7,,open
2020,12,5,480.23,19,,open
2020,12,6,480.22,7,,open
2020,12,6,480.22,19,,open
2020,12,7,480.21,7,,open
2020,12,7,480.21,19,,open
2020,12,8,480.21,7,,open
2020,12,8,480.21,19,,open
2020,12,9,480.2,7,,open
2020,12,9,480.2,19,,open
2020,12,10,480.2,7,,open
2020,12,10,480.2,19,,open
2020,12,11,480.2,7,,open
2020,12,11,480.2,19,,open
2020,12,12,480.19,7,,open
2020,12,12,480.19,19,,open
2020,12,13,480.19,7,,open
2020,12,13,480.18,19,,open
2020,12,14,480.18,7,,open
2020,12,14,480.17,19,,open
2020,12,15,480.17,7,,open
2020,12,15,480.17,19,,open
2020,12,16,480.16,7,,open
2020,12,16,480.16,19,,open
2020,12,17,480.15,7,,open
2020,12,17,480.15,19,,open
2020,12,18,480.15,7,,open
2020,12,18,480.15,19,,open
2020,12,19,480.15,7,,open
2020,12,19,480.15,19,,open
2020,12,20,480.15,7,,open
2020,12,20,480.14,19,,open
2020,12,21,480.14,7,,open
2020,12,21,480.14,19,,open
2020,12,22,480.14,7,,open
2020,12,22,480.14,19,,open
2020,12,23,480.14,7,,open
2020,12,23,480.13,19,,open
2020,12,24,480.13,7,,open
2020,12,24,480.12,19,,open
2020,12,25,480.12,7,,open
2020,12,25,480.11,19,,open
2020,12,26,480.11,7,,open
2020,12,26,480.11,19,,open
2020,12,27,480.11,7,,open
2020,12,27,480.11,19,,open
2020,12,28,480.1,7,,open
2020,12,28,480.1,19,,open
2020,12,29,480.1,7,,open
2020,12,29,480.1,19,,open
2020,12,30,480.09,7,,open
2020,12,30,480.09,19,,open
2020,12,31,480.08,7,,open
2020,12,31,480.08,19,,open
2021,1,1,480.26,7,,close
2021,1,1,480.26,19,,close
2021,1,2,480.26,7,,close
2021,1,2,480.26,19,,close
2021,1,3,480.26,7,,close
2021,1,3,480.26,19,,close
2021,1,4,480.26,7,,close
2021,1,4,480.25,19,,close
2021,1,5,480.25,7,,close
2021,1,5,480.25,19,,close
2021,1,6,480.25,7,,close
2021,1,6,480.24,19,,close
2021,1,7,480.24,7,,close
2021,1,7,480.24,19,,close
2021,1,8,480.24,7,,close
2021,1,8,480.24,19,,close
2021,1,9,480.24,7,,close
2021,1,9,480.24,19,,close
2021,1,10,480.24,7,,close
2021,1,10,480.2,19,,open
2021,1,11,480.15,7,,open
2021,1,11,480.12,19,,open
2021,1,12,480.1,7,,open
2021,1,12,480.08,19,,open
2021,1,13,480.05,7,,open
2021,1,13,480.01,19,,open
2021,1,14,480.05,7,,open
2021,1,14,479.95,19,,open
2021,1,15,479.98,7,,open
2021,1,15,479.9,19,,open
2021,1,16,479.9,7,,close
2021,1,16,479.83,19,,open
2021,1,17,479.78,7,,open
2021,1,17,479.74,19,,open
2021,1,18,479.7,7,,open
2021,1,18,479.67,19,,open
2021,1,19,479.64,7,,open
2021,1,19,479.59,19,,open
2021,1,20,479.55,7,,open
2021,1,20,479.52,19,,open
2021,1,21,479.51,7,,open
2021,1,21,479.48,19,,open
2021,1,22,479.45,7,,open
2021,1,22,479.42,19,,open
2021,1,23,479.39,7,,open
2021,1,23,479.35,19,,open
2021,1,24,479.32,7,,open
2021,1,24,479.27,19,,open
2021,1,25,479.23,7,,open
2021,1,25,479.2,19,,open
2021,1,26,479.19,7,,open
2021,1,26,479.19,19,,close
2021,1,27,479.19,7,,open
2021,1,27,479.15,19,,close
2021,1,28,479.15,7,,open
2021,1,28,479.11,19,,open
2021,1,29,479.11,7,,open
2021,1,29,479.07,19,,open
2021,1,30,479.07,7,,open
2021,1,30,479.05,19,,open
2021,1,31,479.05,7,,open
2021,1,31,479,19,,open
2021,2,1,479,7,,open
2021,2,1,478.96,19,,open
2021,2,2,478.96,7,,open
2021,2,2,478.94,19,,open
2021,2,3,478.94,7,,open
2021,2,3,478.9,19,,open
2021,2,4,478.9,7,,open
2021,2,4,478.86,19,,open
2021,2,5,478.86,7,,open
2021,2,5,478.8,19,,open
2021,2,6,478.76,7,,close
2021,2,6,478.76,19,,close
2021,2,7,478.76,7,,open
2021,2,7,478.73,19,,open
2021,2,8,478.73,7,20,close
2021,2,8,478.78,19,37,close
2021,2,9,478.85,7,40,close
2021,2,9,478.89,19,,close
2021,2,10,478.89,7,,close
2021,2,10,478.89,19,,close
2021,2,11,478.89,7,,close
2021,2,11,478.89,19,,close
2021,2,12,478.89,7,,close
2021,2,12,478.89,19,,close
2021,2,13,478.89,7,,close
2021,2,13,478.89,19,,close
2021,2,14,478.89,7,,close
2021,2,14,478.89,19,,close
2021,2,15,478.89,7,,open
2021,2,15,478.84,19,,close
2021,2,16,478.83,7,,open
2021,2,16,478.78,19,,open
2021,2,17,478.75,7,,open
2021,2,17,478.7,19,,open
2021,2,18,478.7,7,,open
2021,2,18,478.66,19,,open
2021,2,19,478.66,7,,open
2021,2,19,478.64,19,,open
2021,2,20,478.64,7,,open
2021,2,20,478.63,19,,open
2021,2,21,478.62,7,,open
2021,2,21,478.58,19,,open
2021,2,22,478.58,7,,open
2021,2,22,478.55,19,,open
2021,2,23,478.55,7,,open
2021,2,23,478.5,19,,open
2021,2,24,478.5,7,4.5,open
2021,2,24,478.47,19,,open
2021,2,25,478.47,7,,open
2021,2,25,478.45,19,,open
2021,2,26,478.45,7,,open
2021,2,26,478.43,19,,open
2021,2,27,478.43,7,,open
2021,2,27,478.39,19,,open
2021,2,28,478.39,7,,open
2021,2,28,478.35,19,,open
2021,3,1,478.35,7,,open
2021,3,1,478.31,19,,open
2021,3,2,478.31,7,,open
2021,3,2,478.28,19,,open
2021,3,3,478.28,7,,open
2021,3,3,478.25,19,,open
2021,3,4,478.25,7,,open
2021,3,4,478.21,19,,open
2021,3,5,478.21,7,,open
2021,3,5,478.16,19,,open
2021,3,6,478.16,7,,open
2021,3,6,478.14,19,,open
2021,3,7,478.14,7,,open
2021,3,7,478.1,19,,open
2021,3,8,478.1,7,,open
2021,3,8,478.08,19,,open
2021,3,9,478.08,7,,open
2021,3,9,478.05,19,,open
2021,3,10,478.06,7,,open
2021,3,10,478,19,,open
2021,3,11,478,7,,open
2021,3,11,477.95,19,,open
2021,3,12,477.95,7,,open
2021,3,12,477.91,19,,open
2021,3,13,477.91,7,,open
2021,3,13,477.85,19,,close
2021,3,14,477.85,7,,open
2021,3,14,477.8,19,,close
2021,3,15,477.8,7,,open
2021,3,15,477.78,19,,close
2021,3,16,477.78,7,,open
2021,3,16,477.75,19,,close
2021,3,17,477.75,7,,open
2021,3,17,477.71,19,,close
2021,3,18,477.71,7,,open
2021,3,18,477.67,19,,close
2021,3,19,477.67,7,,close
2021,3,19,477.66,19,,close
2021,3,20,477.66,7,,open
2021,3,20,477.6,19,,open
2021,3,21,477.6,7,,open
2021,3,21,477.55,19,,open
2021,3,22,477.55,7,,open
2021,3,22,477.5,19,,open
2021,3,23,477.5,7,,open
2021,3,23,477.45,19,,open
2021,3,24,477.45,7,,open
2021,3,24,477.42,19,,open
2021,3,25,477.42,7,,open
2021,3,25,477.4,19,,open
2021,3,26,477.4,7,,open
2021,3,26,477.34,19,,open
2021,3,27,477.34,7,8,open
2021,3,27,477.29,19,,open
2021,3,28,477.29,7,,open
2021,3,28,477.25,19,,open
2021,3,29,477.24,7,,open
2021,3,29,477.2,19,,open
2021,3,30,477.2,7,,open
2021,3,30,477.16,19,,open
2021,3,31,477.16,7,,open
2021,3,31,477.12,19,,open
2021,4,1,477.12,7,,open
2021,4,1,477.1,19,,close
2021,4,2,477.1,7,,open
2021,4,2,477.07,19,,open
2021,4,3,477.07,7,,close
2021,4,3,477.07,19,,close
2021,4,4,477.06,7,,close
2021,4,4,477.06,19,,close
2021,4,5,477.07,7,6,close
2021,4,5,477.07,19,8,close
2021,4,6,477.08,7,4,close
2021,4,6,477.08,19,6,close
2021,4,7,477.1,7,2,close
2021,4,7,477.1,19,,close
2021,4,8,477.1,7,,close
2021,4,8,477.09,19,,close
2021,4,9,477.09,7,,close
2021,4,9,477.09,19,,close
2021,4,10,477.09,7,,close
2021,4,10,477.09,19,,close
2021,4,11,477.08,7,,close
2021,4,11,477.08,19,,close
2021,4,12,477.08,7,,open
2021,4,12,477.07,19,,open
2021,4,13,477.07,7,,open
2021,4,13,477.04,19,,open
2021,4,14,477,7,,open
2021,4,14,476.95,19,,open
2021,4,15,476.9,7,,open
2021,4,15,476.85,19,,open
2021,4,16,476.8,7,,open
2021,4,16,476.75,19,,open
2021,4,17,476.75,7,,open
2021,4,17,476.71,19,,open
2021,4,18,476.69,7,8,open
2021,4,18,476.65,19,,open
2021,4,19,476.6,7,,open
2021,4,19,476.55,19,,open
2021,4,20,476.5,7,,open
2021,4,20,476.44,19,,open
2021,4,21,476.39,7,,open
2021,4,21,476.34,19,,close
2021,4,22,476.34,7,,open
2021,4,22,476.27,19,,open
2021,4,23,476.2,7,,open
2021,4,23,476.12,19,,open
2021,4,24,476.05,7,,open
2021,4,24,476,19,,open
2021,4,25,475.95,7,,open
2021,4,25,475.92,19,,open
2021,4,26,475.92,7,,open
2021,4,26,475.9,19,,open
2021,4,27,475.9,7,,open
2021,4,27,475.84,19,,open
2021,4,28,475.8,7,,open
2021,4,28,475.79,19,12,open
2021,4,29,475.79,7,,open
2021,4,29,475.79,19,,open
2021,4,30,475.79,7,,open
2021,4,30,475.79,19,,close
2021,5,1,475.76,7,,close
2021,5,1,475.76,19,,close
2021,5,2,475.76,7,,close
2021,5,2,475.75,19,5,close
2021,5,3,475.75,7,,close
2021,5,3,475.74,19,,close
2021,5,4,475.74,7,,close
2021,5,4,475.7,19,,open
2021,5,5,475.7,7,,open
2021,5,5,475.65,19,11,open
2021,5,6,475.65,7,,close
2021,5,6,475.64,19,,close
2021,5,7,475.64,7,,close
2021,5,7,475.6,19,,open
2021,5,8,475.56,7,,open
2021,5,8,475.52,19,,close
2021,5,9,475.46,7,,close
2021,5,9,475.46,19,,close
2021,5,10,475.46,7,,close
2021,5,10,475.46,19,,close
2021,5,11,475.46,7,,close
2021,5,11,475.46,19,,close
2021,5,12,475.46,7,,close
2021,5,12,475.46,19,,close
2021,5,13,475.46,7,,close
2021,5,13,475.46,19,9,close
2021,5,14,475.45,7,,close
2021,5,14,475.45,19,,close
2021,5,15,475.45,7,,close
2021,5,15,475.45,19,,close
2021,5,16,475.45,7,,close
2021,5,16,475.45,19,,close
2021,5,17,475.45,7,,close
2021,5,17,475.44,19,,close
2021,5,18,475.44,7,,close
2021,5,18,475.44,19,,close
2021,5,19,475.43,7,,close
2021,5,19,475.42,19,,close
2021,5,20,475.42,7,,close
2021,5,20,475.42,19,,close
2021,5,21,475.41,7,,close
2021,5,21,475.41,19,,close
2021,5,22,475.41,7,,close
2021,5,22,475.41,19,,close
2021,5,23,475.4,7,,close
2021,5,23,475.4,19,,close
2021,5,24,475.4,7,,close
2021,5,24,475.44,19,14,close
2021,5,25,475.44,7,6,close
2021,5,25,475.44,19,,close
2021,5,26,475.44,7,26,close
2021,5,26,475.46,19,,close
2021,5,27,475.46,7,4,close
2021,5,27,475.46,19,,close
2021,5,28,475.46,7,,close
2021,5,28,475.46,19,,close
2021,5,29,475.46,7,15,close
2021,5,29,475.46,19,,close
2021,5,30,475.46,7,,close
2021,5,30,475.45,19,,close
2021,5,31,475.45,7,,close
2021,5,31,475.45,19,,close
2021,6,1,475.45,7,,close
2021,6,1,475.45,19,,close
2021,6,2,475.45,7,,close
2021,6,2,475.44,19,,close
2021,6,3,475.44,7,,close
2021,6,3,475.44,19,,close
2021,6,4,475.44,7,,close
2021,6,4,475.25,19,,close
2021,6,5,475.32,7,,open
2021,6,5,475.14,19,,open
2021,6,6,475.23,7,8,open
2021,6,6,474.96,19,,open
2021,6,7,475.04,7,,open
2021,6,7,474.91,19,,open
2021,6,8,474.89,7,,open
2021,6,8,474.81,19,,open
2021,6,9,474.74,7,,open
2021,6,9,474.7,19,16,open
2021,6,10,474.65,7,,open
2021,6,10,474.6,19,,open
2021,6,11,474.6,7,22,open
2021,6,11,474.57,19,,open
2021,6,12,474.52,7,,open
2021,6,12,474.46,19,,open
2021,6,13,474.48,7,8,open
2021,6,13,474.38,19,,open
2021,6,14,474.31,7,,open
2021,6,14,474.26,19,6,open
2021,6,15,474.27,7,6,open
2021,6,15,474.25,19,2,open
2021,6,16,474.25,7,,open
2021,6,16,474.24,19,,close
2021,6,17,474.24,7,,close
2021,6,17,474.24,19,,close
2021,6,18,474.24,7,,close
2021,6,18,474.25,19,,close
2021,6,19,474.25,7,,close
2021,6,19,474.17,19,,open
2021,6,20,474.17,7,,open
2021,6,20,474.1,19,,open
2021,6,21,474.06,7,,open
2021,6,21,474,19,,open
2021,6,22,474,7,,open
2021,6,22,473.91,19,,open
2021,6,23,473.86,7,,open
2021,6,23,473.82,19,,open
2021,6,24,473.76,7,,open
2021,6,24,473.7,19,,open
2021,6,25,473.64,7,,open
2021,6,25,473.5,19,,open
2021,6,26,473.4,7,,open
2021,6,26,473.3,19,6,open
2021,6,27,473.2,7,,open
2021,6,27,473.1,19,,open
2021,6,28,473.05,7,,open
2021,6,28,472.98,19,,open
2021,6,29,472.99,7,,open
2021,6,29,472.93,19,,open
2021,6,30,472.91,7,,close
2021,6,30,472.92,19,13,close
2021,7,1,472.93,7,,close
2021,7,1,472.95,19,,close
2021,7,2,472.95,7,,close
2021,7,2,472.95,19,,close
2021,7,3,472.95,7,,open
2021,7,3,472.88,19,,open
2021,7,4,472.86,7,,open
2021,7,4,472.77,19,,open
2021,7,5,472.77,7,,open
2021,7,5,472.64,19,,open
2021,7,6,472.63,7,,close
2021,7,6,472.7,19,24,close
2021,7,7,472.72,7,,close
2021,7,7,472.8,19,22,close
2021,7,8,472.9,7,4,close
2021,7,8,472.91,19,5,close
2021,7,9,472.91,7,,close
2021,7,9,472.92,19,,close
2021,7,10,472.91,7,,close
2021,7,10,472.93,19,,close
2021,7,11,472.92,7,,close
2021,7,11,472.93,19,,open
2021,7,12,472.93,7,7.5,open
2021,7,12,472.88,19,,open
2021,7,13,472.86,7,,open
2021,7,13,472.83,19,,open
2021,7,14,472.83,7,,open
2021,7,14,472.72,19,,open
2021,7,15,472.66,7,,close
2021,7,15,472.66,19,4,close
2021,7,16,472.66,7,,close
2021,7,16,472.56,19,,open
2021,7,17,472.53,7,,open
2021,7,17,472.46,19,,open
2021,7,18,472.38,7,,open
2021,7,18,472.27,19,,open
2021,7,19,472.27,7,3,open
2021,7,19,472.17,19,13,open
2021,7,20,472.17,7,2,open
2021,7,20,472.23,19,35,open
2021,7,21,472.24,7,,close
2021,7,21,472.35,19,31,close
2021,7,22,472.51,7,27,close
2021,7,22,472.78,19,,close
2021,7,23,472.82,7,2,close
2021,7,23,472.88,19,,close
2021,7,24,472.99,7,13,close
2021,7,24,473.05,19,,close
2021,7,25,473.8,7,28,close
2021,7,25,473.9,19,,close
2021,7,26,474.05,7,12,close
2021,7,26,474.2,19,4,close
2021,7,27,474.29,7,,close
2021,7,27,474.35,19,2,close
2021,7,28,474.4,7,,close
2021,7,28,474.45,19,,close
2021,7,29,474.47,7,,close
2021,7,29,474.49,19,,close
2021,7,30,474.51,7,,close
2021,7,30,474.49,19,,open
2021,7,31,474.51,7,,close
2021,7,31,474.57,19,,close
2021,8,1,474.57,7,,close
2021,8,1,474.57,19,,close
2021,8,2,474.67,7,6,close
2021,8,2,474.74,19,,close
2021,8,3,474.82,7,16,close
2021,8,3,475.04,19,,close
2021,8,4,475.1,7,,close
2021,8,4,475.15,19,,close
2021,8,5,475.16,7,,close
2021,8,5,475.19,19,,close
2021,8,6,475.2,7,,close
2021,8,6,475.19,19,,open
2021,8,7,475.19,7,,open
2021,8,7,475.15,19,,open
2021,8,8,475.15,7,,open
2021,8,8,475.1,19,,open
2021,8,9,475.1,7,,open
2021,8,9,475.05,19,,open
2021,8,10,475.05,7,2,open
2021,8,10,475,19,,open
2021,8,11,475.04,7,11,close
2021,8,11,475.09,19,14,close
2021,8,12,475.12,7,13,close
2021,8,12,475.15,19,,open
2021,8,13,475.14,7,,close
2021,8,13,475.11,19,,close
2021,8,14,475.11,7,,close
2021,8,14,475.12,19,,close
2021,8,15,475.16,7,16,close
2021,8,15,475.25,19,11,close
2021,8,16,475.3,7,5,close
2021,8,16,475.4,19,4,close
2021,8,17,475.54,7,2,close
2021,8,17,475.65,19,,close
2021,8,18,475.65,7,,close
2021,8,18,475.7,19,,close
2021,8,19,475.73,7,,close
2021,8,19,475.75,19,,close
2021,8,20,475.77,7,,close
2021,8,20,475.79,19,,close
2021,8,21,475.81,7,,close
2021,8,21,475.81,19,,close
2021,8,22,475.82,7,,close
2021,8,22,475.84,19,,close
2021,8,23,475.9,7,,close
2021,8,23,475.87,19,,open
2021,8,24,475.86,7,,open
2021,8,24,475.79,19,,open
2021,8,25,475.76,7,,open
2021,8,25,475.71,19,,open
2021,8,26,475.72,7,6,open
2021,8,26,475.7,19,,open
2021,8,27,475.7,7,,close
2021,8,27,475.71,19,,close
2021,8,28,475.71,7,,close
2021,8,28,475.71,19,,close
2021,8,29,475.71,7,,close
2021,8,29,475.71,19,,close
2021,8,30,475.71,7,,close
2021,8,30,475.68,19,,open
2021,8,31,475.65,7,,open
2021,8,31,475.65,19,,open
2021,9,1,475.58,7,,open
2021,9,1,475.55,19,,open
2021,9,2,475.55,7,,open
2021,9,2,475.51,19,,open
2021,9,3,475.51,7,,open
2021,9,3,475.45,19,,open
2021,9,4,475.45,7,11,open
2021,9,4,475.53,19,,open
2021,9,5,475.51,7,,open
2021,9,5,475.36,19,,open
2021,9,6,475.36,7,,close
2021,9,6,475.36,19,,close
2021,9,7,475.36,7,,close
2021,9,7,475.39,19,23,open
2021,9,8,475.39,7,,close
2021,9,8,475.36,19,,close
2021,9,9,475.36,7,,close
2021,9,9,475.36,19,,close
2021,9,10,475.36,7,,close
2021,9,10,475.56,19,,close
2021,9,11,475.36,7,,close
2021,9,11,475.36,19,,close
2021,9,12,475.36,7,,close
2021,9,12,475.36,19,,close
2021,9,13,475.36,7,,close
2021,9,13,475.38,19,9,close
2021,9,14,475.38,7,,close
2021,9,14,475.38,19,,close
2021,9,15,475.39,7,,close
2021,9,15,475.39,19,,close
2021,9,16,475.38,7,,close
2021,9,16,475.37,19,,close
2021,9,17,475.37,7,,close
2021,9,17,475.38,19,8,close
2021,9,18,475.38,7,,close
2021,9,18,475.39,19,,close
2021,9,19,475.39,7,,close
2021,9,19,475.39,19,,close
2021,9,20,475.38,7,,close
2021,9,20,475.38,19,,close
2021,9,21,475.38,7,,close
2021,9,21,475.37,19,,close
2021,9,22,475.37,7,,close
2021,9,22,475.36,19,,close
2021,9,23,475.36,7,,close
2021,9,23,475.36,19,,close
2021,9,24,475.36,7,,close
2021,9,24,475.35,19,,close
2021,9,25,475.35,7,,close
2021,9,25,475.35,19,,close
2021,9,26,475.34,7,,close
2021,9,26,475.34,19,,close
2021,9,27,475.34,7,,close
2021,9,27,475.34,19,,close
2021,9,28,475.34,7,,close
2021,9,28,475.34,19,,close
2021,9,29,475.34,7,,close
2021,9,29,475.31,19,,close
2021,9,30,475.33,7,12,close
2021,9,30,475.34,19,,close
2021,10,1,475.34,7,,close
2021,10,1,475.34,19,,close
2021,10,2,475.34,7,,close
2021,10,2,475.35,19,,close
2021,10,3,475.34,7,17,close
2021,10,3,475.35,19,2,close
2021,10,4,475.35,7,,close
2021,10,4,475.34,19,,close
2021,10,5,475.34,7,,close
2021,10,5,475.34,19,,close
2021,10,6,475.34,7,,close
2021,10,6,475.34,19,,close
2021,10,7,475.34,7,,close
2021,10,7,475.34,19,,close
2021,10,8,475.34,7,,close
2021,10,8,475.34,19,,close
2021,10,9,475.33,7,,close
2021,10,9,475.33,19,,close
2021,10,10,475.33,7,,close
2021,10,10,475.33,19,,close
2021,10,11,475.33,7,,close
2021,10,11,475.33,19,,close
2021,10,12,475.33,7,5,close
2021,10,12,475.33,19,,close
2021,10,13,475.33,7,,close
2021,10,13,475.33,19,,close
2021,10,14,475.33,7,,close
2021,10,14,475.32,19,,close
2021,10,15,475.32,7,,close
2021,10,15,475.32,19,6,close
2021,10,16,475.31,7,,close
2021,10,16,475.31,19,,close
2021,10,17,475.31,7,,close
2021,10,17,475.31,19,,close
2021,10,18,475.31,7,,close
2021,10,18,475.3,19,,close
2021,10,19,475.3,7,,close
2021,10,19,475.3,19,,close
2021,10,20,475.3,7,,close
2021,10,20,475.3,19,,close
2021,10,21,475.29,7,,close
2021,10,21,475.31,19,,close
2021,10,22,475.34,7,16,close
2021,10,22,475.31,19,6,close
2021,10,23,475.32,7,,close
2021,10,23,475.32,19,,close
2021,10,24,475.32,7,,close
2021,10,24,475.32,19,,close
2021,10,25,475.32,7,,close
2021,10,25,475.34,19,,close
2021,10,26,475.31,7,,close
2021,10,26,475.34,19,,close
2021,10,27,475.31,7,,close
2021,10,27,475.31,19,,close
2021,10,28,475.31,7,,close
2021,10,28,475.3,19,,close
2021,10,29,475.3,7,,close
2021,10,29,475.3,19,,close
2021,10,30,475.3,7,,close
2021,10,30,475.3,19,,close
2021,10,31,475.31,7,20,close
2021,10,31,475.31,19,5,close
2021,11,1,475.32,7,,close
2021,11,1,475.32,19,6,close
2021,11,2,475.35,7,6,close
2021,11,2,475.35,19,,close
2021,11,3,475.36,7,,close
2021,11,3,475.36,19,,close
2021,11,4,475.37,7,,close
2021,11,4,475.37,19,,close
2021,11,5,475.37,7,,close
2021,11,5,475.37,19,,close
2021,11,6,475.37,7,,close
2021,11,6,475.38,19,,close
2021,11,7,475.38,7,,close
2021,11,7,475.38,19,,close
2021,11,8,475.38,7,,close
2021,11,8,475.35,19,,close
2021,11,9,475.35,7,,close
2021,11,9,475.34,19,,close
2021,11,10,475.34,7,,close
2021,11,10,475.34,19,,close
2021,11,11,475.34,7,,close
2021,11,11,475.34,19,,close
2021,11,12,475.33,7,,close
2021,11,12,475.33,19,,close
2021,11,13,475.33,7,,close
2021,11,13,475.33,19,,close
2021,11,14,475.32,7,,close
2021,11,14,475.32,19,,close
2021,11,15,475.32,7,,close
2021,11,15,475.32,19,,close
2021,11,16,475.32,7,,close
2021,11,16,475.32,19,,close
2021,11,17,475.32,7,,close
2021,11,17,475.32,19,,close
2021,11,18,475.32,7,,close
2021,11,18,475.32,19,,close
2021,11,19,475.32,7,,close
2021,11,19,475.32,19,,close
2021,11,20,475.32,7,,close
2021,11,20,475.32,19,,close
2021,11,21,475.32,7,,close
2021,11,21,475.32,19,,close
2021,11,22,475.32,7,,close
2021,11,22,475.31,19,,close
2021,11,23,475.31,7,,close
2021,11,23,475.34,19,,close
2021,11,24,475.31,7,,close
2021,11,24,475.31,19,,close
2021,11,25,475.3,7,7,close
2021,11,25,475.3,19,,close
2021,11,26,475.3,7,,close
2021,11,26,475.3,19,,close
2021,11,27,475.3,7,,close
2021,11,27,475.3,19,,close
2021,11,28,475.3,7,,close
2021,11,28,475.3,19,,close
2021,11,29,475.3,7,,close
2021,11,29,475.29,19,,close
2021,11,30,475.29,7,,close
2021,11,30,475.29,19,,close
2021,12,1,475.29,7,,close
2021,12,1,475.29,19,,close
2021,12,2,475.29,7,,close
2021,12,2,475.28,19,,close
2021,12,3,475.28,7,,close
2021,12,3,475.28,19,,close
2021,12,4,475.28,7,,close
2021,12,4,475.28,19,,close
2021,12,5,475.28,7,,close
2021,12,5,475.28,19,,close
2021,12,6,475.27,7,,close
2021,12,6,475.27,19,,close
2021,12,7,475.24,7,,close
2021,12,7,475.27,19,,close
2021,12,8,475.26,7,,close
2021,12,8,475.26,19,,close
2021,12,9,475.26,7,,close
2021,12,9,475.25,19,,close
2021,12,10,475.25,7,,close
2021,12,10,475.25,19,,close
2021,12,11,475.25,7,,close
2021,12,11,475.24,19,,close
2021,12,12,475.25,7,,close
2021,12,12,475.24,19,,close
2021,12,13,475.24,7,,close
2021,12,13,475.24,19,,close
2021,12,14,475.24,7,,close
2021,12,14,475.24,19,,close
2021,12,15,475.24,7,,close
2021,12,15,475.23,19,,close
2021,12,16,475.23,7,,close
2021,12,16,475.23,19,,close
2021,12,17,475.23,7,,close
2021,12,17,475.22,19,,close
2021,12,18,475.22,7,,close
2021,12,18,475.22,19,,close
2021,12,19,475.21,7,,close
2021,12,19,475.24,19,,close
2021,12,20,475.21,7,,close
2021,12,20,475.21,19,,close
2021,12,21,475.21,7,,close
2021,12,21,475.24,19,,close
2021,12,22,475.2,7,,close
2021,12,22,475.2,19,,close
2021,12,23,475.2,7,,close
2021,12,23,475.19,19,,close
2021,12,24,475.19,7,,close
2021,12,24,475.19,19,,close
2021,12,25,475.19,7,,close
2021,12,25,475.19,19,,close
2021,12,26,475.19,7,,close
2021,12,26,475.19,19,2,close
2021,12,27,475.18,7,,close
2021,12,27,475.18,19,,close
2021,12,28,475.18,7,,close
2021,12,28,475.18,19,,close
2021,12,29,475.18,7,,close
2021,12,29,475.18,19,,close
2021,12,30,475.18,7,,close
2021,12,30,475.17,19,,close
2021,12,31,475.17,7,,close
2021,12,31,475.17,19,,close
